"HDD apjoms, Gb:",DVD:,"Operatīvā atmiņa, Gb:",Video:,Pamat plate:,"Procesora frekvence, Ghz:",Stāvoklis:,Atrašanās vieta:,Darba dienas:,URL,Cena,Procesors:
2000,-,32,Geforce rtx3070 8gb gddr6 12000mhz,H310 fsb8000mts usb/sata3,4600,jaun.,,,https://www.ss.lv/msg/lv/electronics/computers/pc/mbgob.html,959 €,Core i7-9700
1000,-,16,Geforce rtx4070 12gb gddr6x,H410 fsb8000mts usb/sata3,5300,jaun.,,,https://www.ss.lv/msg/lv/electronics/computers/pc/lpfil.html,1 199 €,Core i9-10900
1000,-,32,Asus tuf gaming rtx 4070 ti 12gb oc,Asus Rog Strix B660-F Gaming W,5.20,jaun.,,,https://www.ss.lv/msg/lv/electronics/computers/pc/ejehg.html,1 950 €,I7 13700
1000,-,16,Geforce gt1030 2gb gddr5,B81 fsb4000mts,3900,jaun.,,,https://www.ss.lv/msg/lv/electronics/computers/pc/glehf.html,399 €,Core i7 4771
500,-,16,Msi ventus 2x oc rtx 4060 ti 8gb,Asus Prime B450-Plus,4.20,jaun.,,,https://www.ss.lv/msg/lv/electronics/computers/pc/dpnnk.html,829 €,Ryzen 5 5500
1000,-,32,Gigabyte aero oc rtx 4070 12gb,Msi pro b550m-p gen3,4.70,jaun.,,,https://www.ss.lv/msg/lv/electronics/computers/pc/fhxip.html,1 340 €,Ryzen 7 5800X
1000,-,32,Zotac gaming trinity rtx 4080 16gb oc,Msi mag z790 tomahawk wi-fi,5.40,jaun.,,,https://www.ss.lv/msg/lv/electronics/computers/pc/gbgkm.html,2 799 €,I7 13700kf
1000,-,32,Msi ventux 3x rtx 4070 ti 12gb oc,Msi mag b650 tomahawk wi-fi,5.30,jaun.,,,https://www.ss.lv/msg/lv/electronics/computers/pc/kmnop.html,1 899 €,Ryzen 7 7700
512,-,16,Zotac gaming amp holo oc rtx 3070 8gb,Asus prime b450m-k ii,4.20,jaun.,,,https://www.ss.lv/msg/lv/electronics/computers/pc/pjdjh.html,720 €,Ryzen 5 5500
2000,-,32,Msi Gaming X Trio White Oc Rtx 4070 Ti 1,Msi mag b650 tomahawk wi-fi,5.60,jaun.,,,https://www.ss.lv/msg/lv/electronics/computers/pc/dxklc.html,2 140 €,Ryzen 9 7900X
240,DVD-RW,16,Geforce gtx 660,Intel dh87rl,3.10,lietota,,,https://www.ss.lv/msg/lv/electronics/computers/pc/cedbf.html,134 €,Core i7 4770S
250,-,8,Intel Hd Graphics,Intel dh67bl,2.80,lietota,,,https://www.ss.lv/msg/lv/electronics/computers/pc/epgoh.html,37 €,Core i5-2300
64,-,2,Intel Graphics,D2700Mud,2.13,jaun.,,,https://www.ss.lv/msg/lv/electronics/computers/pc/hfnxb.html,60 €,Intel Atom
1000,-,16,Intel uhd730 4gb ddr4 dx12,New intel h610 fsb8000mts,5100,jaun.,,,https://www.ss.lv/msg/lv/electronics/computers/pc/ebmpf.html,769 €,Core i5-13600
500,DVD-RW,4,Integrēta,Msi,2.20,lietota,,,https://www.ss.lv/msg/lv/electronics/computers/pc/bhdxf.html,45 €,Amd
500,CD-RW,4,Integrated,Intel,3.70,lietota,,,https://www.ss.lv/msg/lv/electronics/computers/pc/gnbfj.html,99 €,Pentium Gold
500,-,16,Geforce rtx 4060 8gb,B450/socket am4/ddr4/usb 3.0,4.40,jaun.,,,https://www.ss.lv/msg/lv/electronics/computers/pc/dlecx.html,799 €,Ryzen 5 5600
1000,-,16,Geforce rtx4070 12gb gddr6x hdmi,H310 fsb8000mts usb/sata3,5000,jaun.,,,https://www.ss.lv/msg/lv/electronics/computers/pc/ibfox.html,1 099 €,Core i9-9900
500,-,4,Intel Hd Graphics,Dell Optiplex 7010,3.10,lietota,,,https://www.ss.lv/msg/lv/electronics/computers/pc/dgglc.html,65 €,Pentiumg870
500,-,4,Intel Hd Graphics,Dell optiplex 390,3.30,lietota,,,https://www.ss.lv/msg/lv/electronics/computers/pc/bhdek.html,70 €,Corei3-2120
500,-,4,Intel Hd Graphics,Dell Optiplex 790,3.10,lietota,,,https://www.ss.lv/msg/lv/electronics/computers/pc/eeccf.html,85 €,Corei5-2400
464,CD,8,Nvidia geforce gt 610,Gigabyte Technology Co. Ltd,3.30,lietota,,,https://www.ss.lv/msg/lv/electronics/computers/pc/dipoj.html,70 €,Intel-Pentium
1000,-,32,Intel hd630 4gb ddr4,H110 fsb4800mts,4400,jaun.,,,https://www.ss.lv/msg/lv/electronics/computers/pc/edibx.html,439 €,Core i7 7700K
500,DVD-RW,6,Intel hd 2000,Acer,3.30,lietota,,,https://www.ss.lv/msg/lv/electronics/computers/pc/ddbip.html,79 €,Intel Core i3
,,,,,,,"Rīga, Ķengarags",Darbadienas + sest.,https://www.ss.lv/msg/lv/electronics/computers/repairing-pcs/repairing-pcs/bnckpx.html,,
256,DVD,8,Hd graphics 4400,Lenovo,3.40,lietota,,,https://www.ss.lv/msg/lv/electronics/computers/pc/emexk.html,69 €,I3-4130
250,DVD-RW,8,Integreta videokarte,Dell,3.00,lietota,,,https://www.ss.lv/msg/lv/electronics/computers/pc/gkkef.html,265 €,I5 9500
500,-,16,Rx Vega 11 Graphics,Nv,3.60,lietota,,,https://www.ss.lv/msg/lv/electronics/computers/pc/ecjxm.html,300 €,Amd ryzen 5
500,-,32,Geforce rtx 4070ti 12gb,B650,5.00,jaun.,,,https://www.ss.lv/msg/lv/electronics/computers/pc/hbhkc.html,1 799 €,Zen 7 7800x3d
1000,-,32,Geforce Rtx4060 Ti 8Gb Gddr6 14.000Mhz,Intel H410 8000Mts,5200,jaun.,,,https://www.ss.lv/msg/lv/electronics/computers/pc/eoloc.html,1 099 €,Cor i9-10900
628,-,8,Hd graphics 2500,Fujitsu,3.20,lietota,,,https://www.ss.lv/msg/lv/electronics/computers/pc/hcblo.html,80 €,I5-3470
256,-,8,Radeon Vega 11,Hp,4.20,lietota,,,https://www.ss.lv/msg/lv/electronics/computers/pc/kklld.html,250 €,R5 Pro 3400G
300,CD,300,1650,I5,29292,lietota,,,https://www.ss.lv/msg/lv/electronics/computers/pc/fldxd.html,300 €,Bildes
250,-,8,Video Intel Hd,Ga-H81M-S2Pv,3.00,lietota,,,https://www.ss.lv/msg/lv/electronics/computers/pc/edjmg.html,99 €,Pentium G3220
4,CD,4,Ati,Imac,667,lietota,,,https://www.ss.lv/msg/lv/electronics/computers/pc/mxomx.html,120 €,Imac
1000,-,16,Rtx 3070 8gb gaming oc gigabyte ( 3x fan,Asrock H510M-Hvs R2.0,4.40,jaun.,,,https://www.ss.lv/msg/lv/electronics/computers/pc/dopmj.html,698 €,I5 11400
128,CD,8,Iebūvetā,Lenovo,3.20,lietota,,,https://www.ss.lv/msg/lv/electronics/computers/pc/lolkn.html,120 €,I5 6gen.
,,,,,,,"Rīga, centrs",Darbadienas + sest.,https://www.ss.lv/msg/lv/electronics/computers/repairing-pcs/repairing-pcs/bmnldf.html,,
,,,,,,,"Rīga, Ķengarags",Katru dienu,https://www.ss.lv/msg/lv/electronics/computers/repairing-pcs/repairing-pcs/bmnloh.html,,
320,DVD,8,Intel Hd Graphics 2000,Hewlett- Packard 1494,1.60,lietota,,,https://www.ss.lv/msg/lv/electronics/computers/pc/kkkje.html,115 €,Intel Core i5
,,,,,,,"Rīga, Iļģuciems",Darbadienas + sest.,https://www.ss.lv/msg/lv/electronics/computers/repairing-pcs/repairing-pcs/bmnhxb.html,10 €,
,,,,,,,"Rīga, centrs",Katru dienu,https://www.ss.lv/msg/lv/electronics/computers/repairing-pcs/repairing-pcs/bmpijj.html,,
1000,-,16,Geforce Gtx1650 4Gb Gddr5 8000Mhz,Intel H610 Fsb8000,4600,jaun.,,,https://www.ss.lv/msg/lv/electronics/computers/pc/kegmd.html,679 €,Core i5-13400
,,,,,,,"Rīga, Ķengarags",Darbadienas,https://www.ss.lv/msg/lv/electronics/computers/repairing-pcs/repairing-pcs/bnxxen.html,,
32,-,4,1280x720 pixels,Android,2.20,lietota,,,https://www.ss.lv/msg/lv/electronics/computers/pc/dxhbk.html,400 €,Zebra tc52k
,,,,,,,"Rīga, Pārdaugava",Darbadienas + sest.,https://www.ss.lv/msg/lv/electronics/computers/repairing-pcs/repairing-pcs/bmogdp.html,,
1000,-,32,Radeon rx vega 8 core 4gb dddr4 dx11,Amd b450 fsb9200mts,4400,jaun.,,,https://www.ss.lv/msg/lv/electronics/computers/pc/flhxm.html,539 €,Ryzen 7 4700G
250,DVD-RW,8,Intel hd graphics pro,Asrock,3100,lietota,,,https://www.ss.lv/msg/lv/electronics/computers/pc/eipxe.html,80 €,I5-3340
500,DVD-RW,8,Radeon 5400,Intel,3.10,lietota,,,https://www.ss.lv/msg/lv/electronics/computers/pc/kxooi.html,40 €,Xeon E31220v3
,,,,,,,"Rīga, Purvciems",Darbadienas + sest.,https://www.ss.lv/msg/lv/electronics/computers/repairing-pcs/repairing-pcs/bncfbf.html,,
,,,,,,,"Rīga, centrs",Darbadienas,https://www.ss.lv/msg/lv/electronics/computers/repairing-pcs/repairing-pcs/odldk.html,,
1240,-,32,Geforce gt 1030 2gb,B550M ds3h (am4),3.80,lietota,,,https://www.ss.lv/msg/lv/electronics/computers/pc/dgdoj.html,300 €,Ryzen 5 3600X
2500,-,32,Geforce Rtx4080 16Gb,Amd X670 Pro,5400,jaun.,,,https://www.ss.lv/msg/lv/electronics/computers/pc/bppihi.html,2 769 €,Ryzen 9 7900X
1000,-,16,Geforce rtx3070 8gb gddr6,Intel H410 8000Mts,4800,jaun.,,,https://www.ss.lv/msg/lv/electronics/computers/pc/loikn.html,989 €,Core i7-10700
1,-,32,Rtx 3070ti suprim,B550-F asus,3.80,lietota,,,https://www.ss.lv/msg/lv/electronics/computers/pc/fmngd.html,1 900 €,5800x
,,,,,,,"Rīga, Ķengarags",Darbadienas + sest.,https://www.ss.lv/msg/lv/electronics/computers/repairing-pcs/repairing-pcs/bnbxgc.html,,
1000,-,32,Geforce rtx4060 8gb gddr6,Intel H410 8000Mts,5200,jaun.,,,https://www.ss.lv/msg/lv/electronics/computers/pc/hdhlo.html,979 €,Core i9-11900
3500,-,16,"Gigabyte rtx 3060 ti, 8gb",Asus prime b450-plus,4.10,lietota,,,https://www.ss.lv/msg/lv/electronics/computers/pc/gmxcm.html,900 €,Ryzen 7 2700
1024,-,16,Rx 6700xt,Msi,4.45,jaun.,,,https://www.ss.lv/msg/lv/electronics/computers/pc/ffjpd.html,650 €,I5-12400F
1000,-,32,Geforce rtx4070 12gb gddr6x,Amd b450 9200mts am4,4900,jaun.,,,https://www.ss.lv/msg/lv/electronics/computers/pc/keejl.html,1 449 €,Ryzen9 5950X
370,-,8,Integrēta videokarte: Intel,Intel,3.10,lietota,,,https://www.ss.lv/msg/lv/electronics/computers/pc/gkgji.html,35 €,I5-2400
1000,-,32,3080,Msi B450 Tomahawk max Ii,3.70,lietota,,,https://www.ss.lv/msg/lv/electronics/computers/pc/ddljj.html,1 450 €,Ryzen 5 5600x
512,-,16,Rx 6700xt,Asus b450,4.30,jaun.,,,https://www.ss.lv/msg/lv/electronics/computers/pc/fojno.html,560 €,Ryzen 5 5500
256,DVD-RW,4,Nvidia 512,Msi,3.00,lietota,,,https://www.ss.lv/msg/lv/electronics/computers/pc/eiijc.html,110 €,Amd
1000,-,16,"Intel uhd750 graphics on 4gb ddr4, dx12",New h610 fsb8000mts,4900,jaun.,,,https://www.ss.lv/msg/lv/electronics/computers/pc/pkllb.html,669 €,Core i7-12700
1000,-,8,Geforce gt730 4gb gddr5,Intel H410 8000Mts,5200,jaun.,,,https://www.ss.lv/msg/lv/electronics/computers/pc/mbpko.html,599 €,Core i9-11900
250,DVD-RW,2.00,Nvidia geforce 210,Intel,2.20,lietota,,,https://www.ss.lv/msg/lv/electronics/computers/pc/fixjo.html,25 €,Intel Core Du
1000,-,32,Geforce rtx4070 ti 12gb gddr6x oc,New intel h610 fsb8000mts,5100,jaun.,,,https://www.ss.lv/msg/lv/electronics/computers/pc/kibgl.html,1 779 €,Core i5-13600
500,-,10,Gtx970 4gb,Asus,3.10,lietota,,,https://www.ss.lv/msg/lv/electronics/computers/pc/dmndj.html,215 €,I5-2400
140,DVD,2,Onbord,Dell Intel,1.80,lietota,,,https://www.ss.lv/msg/lv/electronics/computers/pc/dppko.html,45 €,Intel Pentium
250,DVD-RW,4,Integreta videokarte,Dell,3.20,lietota,,,https://www.ss.lv/msg/lv/electronics/computers/pc/bbbhn.html,135 €,I5-4570
250,DVD-RW,8,Integreta videokarte,Hp,3.40,lietota,,,https://www.ss.lv/msg/lv/electronics/computers/pc/kkcix.html,125 €,I7 3770
500,DVD-RW,4,Integreta videokarte,Packard Bell,1.40,lietota,,,https://www.ss.lv/msg/lv/electronics/computers/pc/gdkkb.html,65 €,E1 2500
512,DVD-RW,16,Rtx 3060 12gb,Lenovo,4.40,lietota,,,https://www.ss.lv/msg/lv/electronics/computers/pc/dkodd.html,925 €,R5- 5600G
250,-,16,Intel Uhd Graphics 630 1536 Mb,Mac Mini,3,lietota,,,https://www.ss.lv/msg/lv/electronics/computers/pc/dopfl.html,440 €,Intel 5
128,-,8,Gainward 2gb,Komplett,3.90,lietota,,,https://www.ss.lv/msg/lv/electronics/computers/pc/mbklj.html,165 €,Amd A8 6600K
6400,DVD-RW,32,Nvidia Quadro P1000 4Gb,Dell,3.40,lietota,,,https://www.ss.lv/msg/lv/electronics/computers/pc/ddhxo.html,650 €,Intel i7-6700
1000,-,16,Rx570,Msi h310 pro-m2 plus,3.20,lietota,,,https://www.ss.lv/msg/lv/electronics/computers/pc/dlhcp.html,450 €,I7-8700
1000,-,16,Geforce Gtx1650 4Gb Gddr5 8000Mhz,H110 fsb4800mts,4200,jaun.,,,https://www.ss.lv/msg/lv/electronics/computers/pc/hxpcb.html,559 €,Core i7-7700
120,DVD-RW,4,Intel Hd graphics 630,Dell optiplex 3050,3.90,lietota,,,https://www.ss.lv/msg/lv/electronics/computers/pc/eblfg.html,130 €,I3-7100
,,,,,,,"Rīga, centrs",Darbadienas,https://www.ss.lv/msg/lv/electronics/computers/repairing-pcs/repairing-pcs/oemeh.html,35 €,
1000,-,16,Geforce rtx3050 8gb gddr6 12000mhz,H310 fsb4800mts,4900,jaun.,,,https://www.ss.lv/msg/lv/electronics/computers/pc/lploi.html,699 €,Core i9-9900
4240,-,16,Msi armor rx570 4gb,Asrock A320M-Dvs R4.0,2.80,lietota,,,https://www.ss.lv/msg/lv/electronics/computers/pc/fgjpk.html,210 €,Ryzen 2200g
500,-,32,Geforce rtx 4070ti 12gb,B760,5.40,jaun.,,,https://www.ss.lv/msg/lv/electronics/computers/pc/emfpl.html,1 999 €,I7-13700Kf
1000,-,32,Intel uhd750 4gb ddr4,Intel H410 8000Mts,5200,jaun.,,,https://www.ss.lv/msg/lv/electronics/computers/pc/lojji.html,699 €,Core i9-11900
1000,-,8,Intel hd,Dell,2.00,lietota,,,https://www.ss.lv/msg/lv/electronics/computers/pc/ixcxk.html,105 €,I5-4590T
1000,DVD,16,1050 ti 4gb,Hp 304ah,2.80,lietota,,,https://www.ss.lv/msg/lv/electronics/computers/pc/ixdmk.html,240 €,I7 860
1000,-,16,Rtx 3070 8gb gaming oc gigabyte ( 3x fan,Asrock a620m-hdv/m. 2 am5,5.10,jaun.,,,https://www.ss.lv/msg/lv/electronics/computers/pc/gdxmi.html,998 €,Ryzen 5 7600
,,,,,,,"Rīga, centrs",Katru dienu,https://www.ss.lv/msg/lv/electronics/computers/repairing-pcs/repairing-pcs/bnxejf.html,,
1000,-,16,Intel uhd630 4gb ddr4,Intel H310 Fsb8000Mts,4700,jaun.,,,https://www.ss.lv/msg/lv/electronics/computers/pc/bpnhhi.html,399 €,Core i7-8700
256,-,8,Amd radeon,Hp,3.40,lietota,,,https://www.ss.lv/msg/lv/electronics/computers/pc/kiohe.html,85 €,I7
1000,-,32,Geforce rtx3070 8gb gddr6 14ghz,H610 fsb8000mts usb/sata3,5100,jaun.,,,https://www.ss.lv/msg/lv/electronics/computers/pc/kphcf.html,1 279 €,Core i9-12900
500,DVD-RW,6,Intel hd,Asus,2.40,lietota,,,https://www.ss.lv/msg/lv/electronics/computers/pc/gmegi.html,60 €,Q6600
250,DVD-RW,4,Intel Hd Graphics,Asus,3.20,lietota,,,https://www.ss.lv/msg/lv/electronics/computers/pc/fpleb.html,40 €,Dual core
120,DVD-RW,8,Intel Graphics 4400,Dell,3.50,lietota,,,https://www.ss.lv/msg/lv/electronics/computers/pc/kgfhn.html,50 €,I3-4150
1000,-,8,Radeon R5 6x Core Ddr4,A320 am4 fsb9200mts,3800,jaun.,,,https://www.ss.lv/msg/lv/electronics/computers/pc/gmbpl.html,259 €,Amd a6-9500
1000,-,16,Rtx 3070 8gb gaming oc gigabyte ( 3x fan,Asrock H510M-Hvs R2.0,4.40,jaun.,,,https://www.ss.lv/msg/lv/electronics/computers/pc/apfjk.html,698 €,I5 11400
2000,-,32,Aorus rx 6900 xt 16 gb,Gigabyte aorus master x570 am4,3.70,lietota,,,https://www.ss.lv/msg/lv/electronics/computers/pc/dggkl.html,2 350 €,Ryzen 9 5900X
1000,-,16,Geforce rtx4070 12gb gddr6x hdmi,H410 fsb8000mts usb/sata3,4900,jaun.,,,https://www.ss.lv/msg/lv/electronics/computers/pc/hbhkx.html,1 169 €,Core i7-10700
1000,-,16,Geforce rtx3060 12gb gddr6 12ghz,H110 fsb4800mts,4200,jaun.,,,https://www.ss.lv/msg/lv/electronics/computers/pc/bkneep.html,649 €,Core i7-7700
620,DVD-RW,8,Intel Hd Graphics 2000,Intel dh61ww,3.30,lietota,,,https://www.ss.lv/msg/lv/electronics/computers/pc/fedoc.html,40 €,Intel i3-2120
1000,-,16,Geforce Rtx3050 8Gb Gddr6 12.000Mhz,H510 fsb8000mts,5200,jaun.,,,https://www.ss.lv/msg/lv/electronics/computers/pc/bppkcj.html,889 €,Core i9-11900
500,-,16,Geforce rtx 4070 12gb,B450/socket am4/ddr4/usb 3.0,4.80,jaun.,,,https://www.ss.lv/msg/lv/electronics/computers/pc/embmi.html,1 399 €,Ryzen 9 5950X
4000,-,64,Geforce rtx4090 24gb gddrx,Z790 Gaming X Ddr5,6000,jaun.,,,https://www.ss.lv/msg/lv/electronics/computers/pc/dkioh.html,4 439 €,Core i9-13900
1000,-,16,"Intel uhd750 graphics on 4gb ddr4, dx12",H610 fsb8000mts usb/sata3,5400,jaun.,,,https://www.ss.lv/msg/lv/electronics/computers/pc/bpmnne.html,899 €,Core i7-13700
256,DVD-RW,8,Intel Hd Pro,Hp pro intel,3.20,lietota,,,https://www.ss.lv/msg/lv/electronics/computers/pc/heecd.html,100 €,I5-6500
500,-,12,Geforce gtx 1050 ti 4gb,Asrock fm2a88m-hd+,3.70,lietota,,,https://www.ss.lv/msg/lv/electronics/computers/pc/gfbmc.html,230 €,Athlonx4 860k
1000,-,8,Geforce gt730 4gb gddr5,H410 fsb4800mts,4400,jaun.,,,https://www.ss.lv/msg/lv/electronics/computers/pc/gdgko.html,399 €,Core i5 11400
256,CD-RW,16,Nvidia geforce 1050 ti,Windows 10 pro,3.00,lietota,,,https://www.ss.lv/msg/lv/electronics/computers/pc/dngpn.html,240 €,Intel Core i5
1000,-,16,3060 ti 8gb,B450M-A ii,3.60,lietota,,,https://www.ss.lv/msg/lv/electronics/computers/pc/dxnoj.html,900 €,Ryzen 5 3600
1500,CD-RW,32,Amd radeon r9 390 8gb,O,3.30,lietota,,,https://www.ss.lv/msg/lv/electronics/computers/pc/doenj.html,370 €,Amd ryzen 7
,,,,,,,"Rīga, Cits",Darbadienas + sest.,https://www.ss.lv/msg/lv/electronics/computers/repairing-pcs/repairing-pcs/bnbhhi.html,,
250,DVD-RW,4,Intel hd graphics,Asrock,2800,lietota,,,https://www.ss.lv/msg/lv/electronics/computers/pc/dpfpl.html,31 €,Core dual 2
1000,-,16,Gtx 1660 super,Nzxt N7 Z390,2.80,lietota,,,https://www.ss.lv/msg/lv/electronics/computers/pc/gmcfe.html,480 €,I5 8400
756,DVD-RW,16,"Gtx1650, 4gb",Asus h97-plus,3.40,lietota,,,https://www.ss.lv/msg/lv/electronics/computers/pc/mxnkj.html,195 €,I5 4460
1256,DVD-RW,16,"Gtx1060, 6gb",Gigabyte h310m ds2,3.60,lietota,,,https://www.ss.lv/msg/lv/electronics/computers/pc/ehmno.html,235 €,I3 8100
500,-,16,Nvidia geforce gt1030,Dell 0gy6y8,3.30,lietota,,,https://www.ss.lv/msg/lv/electronics/computers/pc/gkgpf.html,180 €,I5-4590
1000,-,16,Geforce rtx3060 12gb gddr6,H110 fsb4800mts,4200,jaun.,,,https://www.ss.lv/msg/lv/electronics/computers/pc/gcllo.html,649 €,Core i7-7700
500,DVD-RW,4,Intel Hd Graphics,123,3.30,lietota,,,https://www.ss.lv/msg/lv/electronics/computers/pc/dxkkd.html,85 €,Inteli3-2120
500,DVD-RW,4,Intel Hd Graphics,123,3.10,lietota,,,https://www.ss.lv/msg/lv/electronics/computers/pc/dcfnb.html,112 €,Inteli5-2400
240,DVD-RW,16,Nvidia quadro k1200 4 gb,123,3.20,lietota,,,https://www.ss.lv/msg/lv/electronics/computers/pc/emilj.html,307 €,Inteli5-4570
1000,DVD,16,Intel Hd2500 2Gb,Intel H61 4800Mts,3600,lietota,,,https://www.ss.lv/msg/lv/electronics/computers/pc/gidjx.html,99 €,Core i5 3470
1000,-,16,Intel uhd630 4gb ddr4,Intel H310 Fsb8000Mts,4600,jaun.,,,https://www.ss.lv/msg/lv/electronics/computers/pc/bpmnif.html,399 €,Core i7-8700
480,-,8,Intel hd,Dell,3.20,jaun.,,,https://www.ss.lv/msg/lv/electronics/computers/pc/epxdx.html,169 €,Intel Core i5
240,DVD-RW,8,Intel hd,Dell,3.40,jaun.,,,https://www.ss.lv/msg/lv/electronics/computers/pc/gchkk.html,189 €,Intel Core i5
240,CD-RW,8,Intel hd,Lenovo,3.60,jaun.,,,https://www.ss.lv/msg/lv/electronics/computers/pc/fkmkj.html,249 €,Intel Core i3
256,-,16,Intel hd,Dell,3.50,jaun.,,,https://www.ss.lv/msg/lv/electronics/computers/pc/ibgox.html,289 €,Intel Core i5
120,-,8,Intel hd 530,Fujitsu,3.70,lietota,,,https://www.ss.lv/msg/lv/electronics/computers/pc/efidp.html,95 €,I3-6100
500,DVD-RW,8,Gt730,Hp q77,3.20,lietota,,,https://www.ss.lv/msg/lv/electronics/computers/pc/feljh.html,100 €,I5-3470
500,DVD,16,Rx 570-4 gb,Jingsha,2.60,jaun.,,,https://www.ss.lv/msg/lv/electronics/computers/pc/edcpx.html,400 €,Xeon e5 2650v
,,,,,,,"Rīga, Cits",Katru dienu,https://www.ss.lv/msg/lv/electronics/computers/repairing-pcs/repairing-pcs/bmogcg.html,,
1000,-,32,Geforce rtx3070 8gb ggdr6,Intel H410 8000Mts,5200,jaun.,,,https://www.ss.lv/msg/lv/electronics/computers/pc/keilh.html,1 099 €,Core i9-11900
1000,-,16,Geforce rtx3050 8gb ggdr6,New h610 fsb8000mts,4600,jaun.,,,https://www.ss.lv/msg/lv/electronics/computers/pc/dddkx.html,789 €,Core i5-13400
1000,-,16,Geforce rtx3060 12gb gddr6,Intel H610 8000Mts,5800,jaun.,,,https://www.ss.lv/msg/lv/electronics/computers/pc/kefho.html,1 319 €,Core i9-13900
1000,-,16,Radeon Rx Vega 11 Core Ddr4,B450 am4 fsb9200mts,4400,jaun.,,,https://www.ss.lv/msg/lv/electronics/computers/pc/kkhdf.html,499 €,Ryzen7 4700G
500,-,16,Gtx 1660 ti,Z,3.60,lietota,,,https://www.ss.lv/msg/lv/electronics/computers/pc/dojbh.html,500 €,I3
500,-,6,Gtx260 448Bit,Gigabyte H61,3.10,lietota,,,https://www.ss.lv/msg/lv/electronics/computers/pc/ebogh.html,100 €,I3 2100
320,-,6,Nvidia Gt710 2Gb,Asus Lga 1155,3.10,lietota,,,https://www.ss.lv/msg/lv/electronics/computers/pc/edfex.html,100 €,I3 2100
1000,-,32,Geforce Rtx4070 Ti 12Gb Gddr6X,H410 fsb8000mts usb/sata3,5200,jaun.,,,https://www.ss.lv/msg/lv/electronics/computers/pc/mxexx.html,1 549 €,Core i9-11900
1256,-,16,Gtx1060 3gb,H110m-k,4.20,lietota,,,https://www.ss.lv/msg/lv/electronics/computers/pc/gcihc.html,199 €,I5-7400
256,-,8,Intel uhd graphics 620,Intel uhd graphics 620,1.10,lietota,,,https://www.ss.lv/msg/lv/electronics/computers/pc/enick.html,349 €,Intel Core i3
1000,-,32,Intel uhd750 4gb ddr4,Intel H610 Fsb8000Mts,5100,jaun.,,,https://www.ss.lv/msg/lv/electronics/computers/pc/lnfhg.html,769 €,Core i9-12900
240,-,8,Intel hd,Dell,3.40,jaun.,,,https://www.ss.lv/msg/lv/electronics/computers/pc/flifi.html,124 €,I3-4130
256,-,8,Intel Hd Graphics 530,Hp,8,jaun.,,,https://www.ss.lv/msg/lv/electronics/computers/pc/eoxpc.html,239 €,I5-6600
1000,-,32,Nvideo geforce rtx 3070 ti,Intel,5.40,jaun.,,,https://www.ss.lv/msg/lv/electronics/computers/pc/exbji.html,1 859 €,Intel Core i9
1000,-,16,Intel hd530 4gb ddr3,H110 fsb4800mts,4200,jaun.,,,https://www.ss.lv/msg/lv/electronics/computers/pc/gjklk.html,359 €,Core i7 7700
1024,-,32,Rtx3070 ichill,B650m-a ii,5.30,jaun.,,,https://www.ss.lv/msg/lv/electronics/computers/pc/gidgd.html,1 049 €,Ryzen 5 7600x
768,Blue-ray-RW,16,Rtx3060ti,H610m-e pro msi,4.50,jaun.,,,https://www.ss.lv/msg/lv/electronics/computers/pc/kecem.html,529 €,I3-12100f
4000,-,16,Intel hd 1536 mb,Mac mini,2.30,lietota,,,https://www.ss.lv/msg/lv/electronics/computers/pc/knelb.html,130 €,Intel Core i7
1000,-,16,Radeon 7 gpu core,B450/socket am4/ddr4/usb 3.0,4.40,jaun.,,,https://www.ss.lv/msg/lv/electronics/computers/pc/gjdpi.html,499 €,Ryzen 5 5600G
1000,-,16,Geforce Rtx4060 Ti 8Gb Gddr6,H410 fsb4800mts,4800,jaun.,,,https://www.ss.lv/msg/lv/electronics/computers/pc/kmlik.html,989 €,Core i7 10700
1024,-,8,Radeon Pro 555X with 2Gb of Vram,Two Thunderbolt 3 (Usb-C) port,3.60,lietota,,,https://www.ss.lv/msg/lv/electronics/computers/pc/fmhoh.html,600 €,I3
1000,-,16,Nvidia geforce rtx 3070 16gb,Predator po3-620,2.90,lietota,,,https://www.ss.lv/msg/lv/electronics/computers/pc/enfen.html,1 100 €,Intel Core I5
500,-,16,Msi nvidia 1660 super (6gb),H510m h - gigabyte,4.30,lietota,,,https://www.ss.lv/msg/lv/electronics/computers/pc/fnoxn.html,500 €,I5-10400f
256,-,16,Hd graphics 4600,Intel,3.40,lietota,,,https://www.ss.lv/msg/lv/electronics/computers/pc/dgilj.html,160 €,I7-4770
238,CD,64,Lenovo,10Uw00E0Mh,1.80,lietota,,,https://www.ss.lv/msg/lv/electronics/computers/pc/hfhei.html,230 €,Intel Core i5
240,DVD-RW,2,Intel,Asus,2930,lietota,,,https://www.ss.lv/msg/lv/electronics/computers/pc/dbhcb.html,30 €,Dual core x2
1024,-,16,Rx5700Xt,Asrock b450m,4.20,lietota,,,https://www.ss.lv/msg/lv/electronics/computers/pc/gjbji.html,395 €,R5 3600
1000,-,16,Radeon Rx Vega 11 Core Ddr4,B450 am4 fsb9200mts,4200,jaun.,,,https://www.ss.lv/msg/lv/electronics/computers/pc/epxfp.html,379 €,Ryzen 5 3400
,,,,,,,"Rīga, centrs",Darbadienas + sest.,https://www.ss.lv/msg/lv/electronics/computers/repairing-pcs/repairing-pcs/bmokef.html,,
3400,-,16,Asus dual rtx 3060 12gb v2,Gigabyte B450m Ds3H v2,3.60,lietota,,,https://www.ss.lv/msg/lv/electronics/computers/pc/kelfp.html,580 €,Ryzen 5 3600
,,,,,,,"Rīga, centrs",Darbadienas + sest.,https://www.ss.lv/msg/lv/electronics/computers/repairing-pcs/repairing-pcs/bmoekn.html,,
1000,CD-RW,8,Ati 1024 mb,Intel Core,2.80,lietota,,,https://www.ss.lv/msg/lv/electronics/computers/pc/didhi.html,175 €,I5
240,DVD-RW,16,Intel,Intel,3.20,lietota,,,https://www.ss.lv/msg/lv/electronics/computers/pc/elekl.html,50 €,Intel Core i5
256,-,8,Intel Hd Graphics 530,Fujitsu,3.70,lietota,,,https://www.ss.lv/msg/lv/electronics/computers/pc/emxko.html,100 €,Intel i3-6100
480,-,16,Rx 550,Msi b85m-g43,3.40,lietota,,,https://www.ss.lv/msg/lv/electronics/computers/pc/elege.html,170 €,I7 4770
1000,-,16,Geforce rtx3050 8gb gddr6,H410 fsb8000mts usb/sata3,4900,jaun.,,,https://www.ss.lv/msg/lv/electronics/computers/pc/fienc.html,799 €,Core i7-11700
256,CD,8,2,Windows 11 Home,2.60,lietota,,,https://www.ss.lv/msg/lv/electronics/computers/pc/fnklm.html,255 €,Amd ryzen 3
,,,,,,,"Rīga, centrs",Katru dienu,https://www.ss.lv/msg/lv/electronics/computers/repairing-pcs/repairing-pcs/bmnlbg.html,,
1000,-,16,Amd Radeon R9 M380,Imac,3.20,lietota,,,https://www.ss.lv/msg/lv/electronics/computers/pc/fcilo.html,450 €,Intel core i5
512,-,16,Geforce rtx 3060,Lenovo 3743,4.60,lietota,,,https://www.ss.lv/msg/lv/electronics/computers/pc/hfmii.html,565 €,Ryzen 7 5700G
500,-,8,Intel hd,Hp,3.60,lietota,,,https://www.ss.lv/msg/lv/electronics/computers/pc/fjobm.html,85 €,I5-3470
500,DVD-RW,4,Intel Hd Graphics2000,123,3.10,lietota,,,https://www.ss.lv/msg/lv/electronics/computers/pc/eefme.html,81 €,Corei3-2100
620,DVD-RW,4,Intel Hd Graphics,Komparsa,3.10,lietota,,,https://www.ss.lv/msg/lv/electronics/computers/pc/efdji.html,72 €,I3-2100
628,DVD-RW,8,Nvidia geforce 730,Hp elitedesk,3.60,lietota,,,https://www.ss.lv/msg/lv/electronics/computers/pc/fbdhb.html,207 €,I5-6500
256,DVD,16,Hd graphics 2000,Dell,3.30,lietota,,,https://www.ss.lv/msg/lv/electronics/computers/pc/bgicc.html,90 €,I5-2500
,,,,,,,"Daugavpils un raj., Daugavpils",Darbadienas,https://www.ss.lv/msg/lv/electronics/computers/repairing-pcs/repairing-pcs/bndkmn.html,,
,,,,,,,"Rīga, Cits",Darbadienas + sest.,https://www.ss.lv/msg/lv/electronics/computers/repairing-pcs/repairing-pcs/bmpbnh.html,,
1000,-,16,Radeon R7 6x Core Ddr4,Amd a320 fsb9200mts,3800,jaun.,,,https://www.ss.lv/msg/lv/electronics/computers/pc/fcixc.html,319 €,Amd a10-9700
1250,DVD-RW,16,Geforce gtx980 4gb gddr5 8000mhz oc,Z170 Gaming X Ddr4,4000,lietota,,,https://www.ss.lv/msg/lv/electronics/computers/pc/fpcpo.html,269 €,Core i7-6700
640,DVD-RW,8,Integrated Intel Hd Graphics 2000,Hp compaq elite 8300 mt,3.40,lietota,,,https://www.ss.lv/msg/lv/electronics/computers/pc/hcfml.html,60 €,I5-2400
512,-,48,Rtx 2080 ti 11gb,Msi b450m mortar max am4 ddr4,4.60,lietota,,,https://www.ss.lv/msg/lv/electronics/computers/pc/ddmcd.html,735 €,Ryzen 5 5600x
250,-,8,See pic,Intel,2.40,lietota,,,https://www.ss.lv/msg/lv/electronics/computers/pc/bpfexk.html,55 €,2.4 ghz
1000,-,16,Radeon Rdna2 on 4Gb/shading Units 716,A620 am5 fsb9200 ddr5,5400,jaun.,,,https://www.ss.lv/msg/lv/electronics/computers/pc/gmdic.html,869 €,Ryzen 7 7700X
,,,,,,,"Rīga, Cits",Katru dienu,https://www.ss.lv/msg/lv/electronics/computers/repairing-pcs/repairing-pcs/bnbmfi.html,,
1000,-,16,Geforce gtx 1650 4gb,Socket 1700/ddr4/usb 3.2,4.60,jaun.,,,https://www.ss.lv/msg/lv/electronics/computers/pc/hgkpl.html,699 €,Corei5 13400F
1000,-,16,Radeon Rx Vega 11 Core Ddr4,B450 am4 fsb9200mts,4400,jaun.,,,https://www.ss.lv/msg/lv/electronics/computers/pc/cnlfl.html,499 €,Ryzen7 4700G
240,-,16,Gigabyte rx580 8gb,Gigabyte,3.40,lietota,,,https://www.ss.lv/msg/lv/electronics/computers/pc/eexfd.html,360 €,I5
1000,-,16,Geforce rtx4070 12gb gddr6x hdmi,H410 fsb8000mts usb/sata3,5200,jaun.,,,https://www.ss.lv/msg/lv/electronics/computers/pc/mbifm.html,1 199 €,Core i9-10900
22,CD,2,Ibm,Ibm,386,lietota,,,https://www.ss.lv/msg/lv/electronics/computers/pc/edfib.html,500 €,Ibm
1000,-,16,Radeon Pro 560,IMac 21.5 2017 4K,3.40,lietota,,,https://www.ss.lv/msg/lv/electronics/computers/pc/hfbxd.html,699 €,Intel Core i5
80,CD,512,Apple,Apple,1.66,lietota,,,https://www.ss.lv/msg/lv/electronics/computers/pc/dloen.html,150 €,Intel Core
240,DVD-RW,8,Nvida geforce 320m,Ssd,2.40,lietota,,,https://www.ss.lv/msg/lv/electronics/computers/pc/mxfig.html,140 €,Intel Core 2
1000,-,16,Sapphire rx 6650xt pulse gaming 8Gb,Gigabyte b550m ds3h,3.50,lietota,,,https://www.ss.lv/msg/lv/electronics/computers/pc/kegdd.html,1 000 €,Amd ryzen5600
512,-,16,Nvidia geforce gtx 1660 ti 6gb,"Gigabyte h510m s2h v2, lga1200",4.30,lietota,,,https://www.ss.lv/msg/lv/electronics/computers/pc/gfxhj.html,500 €,Intel Core i3
256,-,16,Hd grapcics 530,Fujitsu,3.70,lietota,,,https://www.ss.lv/msg/lv/electronics/computers/pc/gpcdh.html,99 €,I3-6100
6000,-,128,Geforce rtx4090 24gb gddr6x,X670 am5 fsb9200 ddr5 gaming,5700,jaun.,,,https://www.ss.lv/msg/lv/electronics/computers/pc/hhonn.html,4 879 €,Ryzen9 7950
1000,-,16,Geforce rtx3050 8gb gddr6 12000mhz,H310 fsb4800mts,5000,jaun.,,,https://www.ss.lv/msg/lv/electronics/computers/pc/lpdnk.html,699 €,Core i9-9900
128,-,4,Intel uhd graphics 1gb,Lenovo lnvnb161216,2.00,lietota,,,https://www.ss.lv/msg/lv/electronics/computers/pc/gmpbp.html,299 €,Intel Pentium
500,DVD-RW,4,Intel Hd Graphics,Msi7788,2.90,jaun.,,,https://www.ss.lv/msg/lv/electronics/computers/pc/glooo.html,40 €,Intel Pentium
1000,-,32,Geforce Rtx3060 Ti 8Gb Gddr6,H410 fsb8000mts usb/sata3,4400,jaun.,,,https://www.ss.lv/msg/lv/electronics/computers/pc/pcomp.html,789 €,Core i5 11400
300,-,8,Gigabyte geforce gtx950 2gb gddr5 pcie g,Asrock h110m-dgs,3.70,lietota,,,https://www.ss.lv/msg/lv/electronics/computers/pc/dokmm.html,130 €,I3 6100
740,-,8,Gt 710 2gb,Msi h81m-e34,3.70,lietota,,,https://www.ss.lv/msg/lv/electronics/computers/pc/ghmkj.html,80 €,I3-4170
500,-,16,Nvidia geforce rtx 4060ti,Gigabyte,4.20,jaun.,,,https://www.ss.lv/msg/lv/electronics/computers/pc/gxdgg.html,899 €,Ryzen 5
256,DVD-RW,16,Hd graphics 2500,Lenovo,3.20,lietota,,,https://www.ss.lv/msg/lv/electronics/computers/pc/fiikx.html,90 €,I5-3470
512,-,16,Gigabyte gaming oc pro rtx 3060 ti 8gb,Asus Prime B450-Plus,3.60,lietota,,,https://www.ss.lv/msg/lv/electronics/computers/pc/finjc.html,700 €,Ryzen 5 5500
500,-,32,Geforce rtx 4080 16gb,Lga 1700/ddr5,5.10,jaun.,,,https://www.ss.lv/msg/lv/electronics/computers/pc/elefi.html,2 399 €,I5-13600Kf
256,DVD,8,Hd graphics 2000,Dell,3.30,lietota,,,https://www.ss.lv/msg/lv/electronics/computers/pc/ggplc.html,55 €,I3-2120
256,DVD-RW,16,Hd graphics 4600,Lenovo,3.40,lietota,,,https://www.ss.lv/msg/lv/electronics/computers/pc/jpjfb.html,150 €,I7-4770
1000,DVD-RW,16,Gtx 1650,Hp,3.10,lietota,,,https://www.ss.lv/msg/lv/electronics/computers/pc/gepch.html,269 €,Intel i7 6700
1000,-,16,Radeon rx vega 8 core 4gb dddr4 dx11,Amd b450 fsb9200mts,4400,jaun.,,,https://www.ss.lv/msg/lv/electronics/computers/pc/cdjjl.html,529 €,Ryzen 5 5650G
6,CD,8,Intel Hd Graphics 4000,Windows 10 pro,2.60,lietota,,,https://www.ss.lv/msg/lv/electronics/computers/pc/fbmjg.html,75 €,I5-3230M
1024,-,4,Amd Radeon Vega 8,Hp86F3,2.40,lietota,,,https://www.ss.lv/msg/lv/electronics/computers/pc/gcfdg.html,300 €,Amd ryzen 5
50,DVD,16,Msi gtx 1080 arero oc,Msi x79a gd45+,3.90,lietota,,,https://www.ss.lv/msg/lv/electronics/computers/pc/domme.html,545 €,Intel Core i7
240,-,8,Gigabyte geforce rtx 3050 eagle oc 8gb g,Asus prime a520m,3.60,lietota,,,https://www.ss.lv/msg/lv/electronics/computers/pc/ddfeb.html,499 €,Ryzen 5 3600
4096,DVD-RW,24,Nvidia Quadro Fx1800,Dell,2.67,lietota,,,https://www.ss.lv/msg/lv/electronics/computers/pc/gpgeh.html,140 €,Xeon X5650
512,CD,16,Intel(R) uhd graphics,Windows 11 Home,2.50,lietota,,,https://www.ss.lv/msg/lv/electronics/computers/pc/ixchl.html,600 €,I5-10300H
250,DVD-RW,4,Msi,Asus,3,lietota,,,https://www.ss.lv/msg/lv/electronics/computers/pc/dbxco.html,12 €,Pentium D
512,CD,8,Amd Radeon Vega),Windows 11 Home,2.40,lietota,,,https://www.ss.lv/msg/lv/electronics/computers/pc/knemm.html,300 €,Amd ryzen5 45
440,DVD-RW,8,Встроенная - Intel Hd Graphics 2500,Hp Compaq Elite 8300 sff,3.20,lietota,,,https://www.ss.lv/msg/lv/electronics/computers/pc/dhbxj.html,70 €,Core i5-3470
1000,-,16,Geforce gtx1650 4gb gddr5 8000mhz,H610 fsb8000mts usb/sata3,4600,jaun.,,,https://www.ss.lv/msg/lv/electronics/computers/pc/dcgkp.html,679 €,Core i5-13400
240,DVD,16,Gtx 1050ti 4Gb,Asus h110m-r,3.50,lietota,,,https://www.ss.lv/msg/lv/electronics/computers/pc/eioxl.html,160 €,Pentium G4560
500,-,8,Intelhd6000,IMac 21 2015,1.60,lietota,,,https://www.ss.lv/msg/lv/electronics/computers/pc/fkojg.html,499 €,Intel Core i5
1000,DVD-RW,8,1050Ti,Msi B250 Gaming,3.60,lietota,,,https://www.ss.lv/msg/lv/electronics/computers/pc/emhdg.html,350 €,I7-7700
1120,DVD-RW,8,Radeon hd 5850,H310Cm-Dvs,3.60,lietota,,,https://www.ss.lv/msg/lv/electronics/computers/pc/dmkfg.html,220 €,I3 9100F
1,DVD-RW,4,Intergrated,Intel Desktop Board,3.70,lietota,,,https://www.ss.lv/msg/lv/electronics/computers/pc/eekbj.html,65 €,I5-2500
1,CD-RW,4,Intergrated,Intel Desktop Board,3.10,lietota,,,https://www.ss.lv/msg/lv/electronics/computers/pc/dppgl.html,30 €,I3-2100
1000,-,16,Intel uhd730 4gb ddr4 dx12,Intel H410 Fsb8000Mts,4800,jaun.,,,https://www.ss.lv/msg/lv/electronics/computers/pc/lokjc.html,449 €,Core i7 10700
1000,-,16,Geforce rtx 4060ti 8gb,Am5/ddr5/,4.50,jaun.,,,https://www.ss.lv/msg/lv/electronics/computers/pc/fblbi.html,1 099 €,Zen 7 5800x3d
240,DVD-RW,16,Geforce gtx 680 (2gb),Intel,3.60,lietota,,,https://www.ss.lv/msg/lv/electronics/computers/pc/fkfoi.html,240 €,Core I5
1000,-,16,Geforce rtx 3060 12gb,Msi pro h610m-b,4.20,jaun.,,,https://www.ss.lv/msg/lv/electronics/computers/pc/goxnf.html,690 €,I5-12400F
1240,-,32,Radeon R7 4Gb,Its,3.90,jaun.,,,https://www.ss.lv/msg/lv/electronics/computers/pc/hdngn.html,375 €,Intel Core i7
120,CD,8,N\v,Asus m597 le r2,3.50,lietota,,,https://www.ss.lv/msg/lv/electronics/computers/pc/dbxom.html,80 €,Fx 6300
500,-,16,Geforce gt610 gddr3,Intel H61 4800Mts,3400,lietota,,,https://www.ss.lv/msg/lv/electronics/computers/pc/ehxcn.html,99 €,I3-3240
128,DVD-RW,8,Intel,Dell,3.00,lietota,,,https://www.ss.lv/msg/lv/electronics/computers/pc/gidge.html,70 €,E8400
120,CD,2,Iebūvēts,Gigabyte,2.60,lietota,,,https://www.ss.lv/msg/lv/electronics/computers/pc/kjhco.html,60 €,E5300
465,-,16,Geforce rtx 2060,B460M d3h,3.60,lietota,,,https://www.ss.lv/msg/lv/electronics/computers/pc/dpbng.html,500 €,I3-10100
500,CD-RW,2,Nav zināms,Nav zināms,3.06,lietota,,,https://www.ss.lv/msg/lv/electronics/computers/pc/gkxnm.html,50 €,Pentium dualc
595,CD-RW,4,Nav zināms,Nav zināms,2.20,lietota,,,https://www.ss.lv/msg/lv/electronics/computers/pc/gendh.html,50 €,Intel Core 2
1000,-,16,Geforce rtx 4070 12gb,Am5,5.00,jaun.,,,https://www.ss.lv/msg/lv/electronics/computers/pc/efxbj.html,1 399 €,Zen 7 7800x3d
,,,,,,,"Rīga, Cits",Darbadienas + sest.,https://www.ss.lv/msg/lv/electronics/computers/repairing-pcs/repairing-pcs/bnxhji.html,,
1000,-,16,Geforce rtx3060 12gb gddr6,H410 fsb8000mts usb/sata3,5200,jaun.,,,https://www.ss.lv/msg/lv/electronics/computers/pc/egohx.html,869 €,Core i9-10900
,CD,,,,1,lietota,,,https://www.ss.lv/msg/lv/electronics/computers/pc/hffxp.html,,Intel vs amd
500,-,32,Integrated Graphics Processor,Asus rog strix b550-e gaming,3.80,lietota,,,https://www.ss.lv/msg/lv/electronics/computers/pc/exbmn.html,690 €,Ryzen 9
,,,,,,,,,https://www.ss.lv/msg/lv/electronics/computers/pc/ekidx.html,,
240,DVD-RW,16,Gtx 960 4gb,Asus,3.20,lietota,,,https://www.ss.lv/msg/lv/electronics/computers/pc/feilg.html,300 €,I5-4690S
1000,-,32,Asus tuf gaming rtx 4070 ti 12gb,Msi pro z690-a wi-fi,5.10,jaun.,,,https://www.ss.lv/msg/lv/electronics/computers/pc/dljin.html,1 950 €,I7 13700
1000,-,32,Zotac gaming twin edge rtx 4070 12gb oc,Asus Prime B550M-A,4.40,jaun.,,,https://www.ss.lv/msg/lv/electronics/computers/pc/dlxjn.html,1 150 €,Ryzen 5 5600
2000,-,32,Msi ventus 3x oc rtx 4070 12gb,Asus rog strix z590-f wi-fi,5.30,jaun.,,,https://www.ss.lv/msg/lv/electronics/computers/pc/kecoj.html,1 590 €,I9 11900K
500,-,16,Asus Rog Strix 1070 8Gb Oc Edition,Asus Tuf B450 - Pro Gaming,4.20,lietota,,,https://www.ss.lv/msg/lv/electronics/computers/pc/eihhm.html,490 €,Ryzen 5 3600
1000,-,8,Hd graphics 6000,Apple iMac,1.60,lietota,,,https://www.ss.lv/msg/lv/electronics/computers/pc/llbnm.html,250 €,Intel Core i5
500,-,8,Intel hd,Hp,3,lietota,,,https://www.ss.lv/msg/lv/electronics/computers/pc/ehxjm.html,90 €,A8-8600B r6
500,-,8,Intel hd,Hp,3,lietota,,,https://www.ss.lv/msg/lv/electronics/computers/pc/eelhc.html,80 €,A8-7600B
1000,-,16,"Intel uhd750 graphics on 4gb ddr4, dx12",New h610 fsb8000mts,4900,jaun.,,,https://www.ss.lv/msg/lv/electronics/computers/pc/plxlh.html,669 €,Core i7-12700
256,-,16,Rtx3070,H610m-e pro msi,4.50,jaun.,,,https://www.ss.lv/msg/lv/electronics/computers/pc/fxmcb.html,569 €,I3-12100f
1024,-,16,Rtx3070,H610m-e pro msi,4.50,jaun.,,,https://www.ss.lv/msg/lv/electronics/computers/pc/dlchx.html,629 €,I3-13100f
240,-,8,Intel Hd Graphics 630,Dell,2.70,lietota,,,https://www.ss.lv/msg/lv/electronics/computers/pc/dgpln.html,165 €,Core i5
240,DVD,8,Intel Hd Graphics 530,Hp,3.20,lietota,,,https://www.ss.lv/msg/lv/electronics/computers/pc/bhkim.html,165 €,Core i5
256,-,16,Intel Hd Graphics 630,Dell,3.10,lietota,,,https://www.ss.lv/msg/lv/electronics/computers/pc/ixcxe.html,385 €,Core i5
256,-,16,Intel Hd Graphics 630,Dell,2.90,lietota,,,https://www.ss.lv/msg/lv/electronics/computers/pc/exnjm.html,385 €,Core i5
240,-,8,Intel Hd Graphics 530,Hp,3.60,lietota,,,https://www.ss.lv/msg/lv/electronics/computers/pc/epogi.html,150 €,Core i5
500,DVD-RW,8,Intel Hd graphics,Hp,3.30,lietota,,,https://www.ss.lv/msg/lv/electronics/computers/pc/eexxg.html,50 €,Pentium G4400
250,DVD-RW,4,Intel Hd Graphics,Dell,3.40,lietota,,,https://www.ss.lv/msg/lv/electronics/computers/pc/eghin.html,30 €,I3-3240
240,DVD-RW,8,Intel Hd Graphics,Lenovo,3.80,lietota,,,https://www.ss.lv/msg/lv/electronics/computers/pc/kxkix.html,65 €,Pentium G5500
512,-,8,Geforce,Apple,3.20,lietota,,,https://www.ss.lv/msg/lv/electronics/computers/pc/fgpcg.html,290 €,I5
1000,DVD,16,Rtx 3070Ti,Asus z390,3.60,lietota,,,https://www.ss.lv/msg/lv/electronics/computers/pc/alidi.html,620 €,I7 8700k
1000,-,16,Radeon R7 6x Core Ddr4,A320 am4 fsb9200mts,4300,jaun.,,,https://www.ss.lv/msg/lv/electronics/computers/pc/lpfgx.html,339 €,Amd a12-9800
1000,-,32,Geforce Rtx4070 12Gb Gddr6 15.000Mhz,Intel H410 8000Mts,4800,jaun.,,,https://www.ss.lv/msg/lv/electronics/computers/pc/bbmmgc.html,1 199 €,Core i7 10700
500,-,16,Intel Iris Pro 1536 Mb,Apple,2.70,lietota,,,https://www.ss.lv/msg/lv/electronics/computers/pc/keibh.html,300 €,I5 quad
,,,,,,,"Rīga, Cits",Darbadienas + sest.,https://www.ss.lv/msg/lv/electronics/computers/repairing-pcs/repairing-pcs/bnbdcl.html,,
1000,-,16,Geforce rtx3050 8gb gddr6,Intel H610 Fsb8000Mts,4600,jaun.,,,https://www.ss.lv/msg/lv/electronics/computers/pc/kgcib.html,789 €,Core i5-13400
1000,-,16,Geforce gtx 1650 4gb,Lga1700/ddr4/usb3.2/sa ta3,4.40,jaun.,,,https://www.ss.lv/msg/lv/electronics/computers/pc/edild.html,699 €,I5-12400F
128,DVD-RW,4,Radeon hd8200,Hp,1.40,lietota,,,https://www.ss.lv/msg/lv/electronics/computers/pc/knfmi.html,25 €,Amd e1-2500
1500,-,4,Rx560,Asrock h310cm-hdv,3.70,lietota,,,https://www.ss.lv/msg/lv/electronics/computers/pc/eofnh.html,220 €,Pentium gold
480,-,16,Rx580 4gb,Z68,3.90,lietota,,,https://www.ss.lv/msg/lv/electronics/computers/pc/fxmhn.html,230 €,I7 3770K
1000,-,16,Geforce rtx3070 8gb gddr6,Intel H610 8000Mts,4600,jaun.,,,https://www.ss.lv/msg/lv/electronics/computers/pc/fxpmk.html,979 €,Core i5-12500
256,DVD-RW,8,Intel hd,Lenovo,3.30,lietota,,,https://www.ss.lv/msg/lv/electronics/computers/pc/fmmln.html,155 €,I3-2120
128,-,4,Intel Hd Grapfics 620,Lenovo lnvnb161216,2.70,lietota,,,https://www.ss.lv/msg/lv/electronics/computers/pc/gdlln.html,170 €,Intel Core i3
1000,-,16,Radeon Vega 7 on 4Gb/shading Units 716,Amd b450 fsb9200mts,4200,jaun.,,,https://www.ss.lv/msg/lv/electronics/computers/pc/kedlh.html,379 €,Ryzen 5 4600G
256,-,16,Hd grapcics 530,Lenovo,3.40,lietota,,,https://www.ss.lv/msg/lv/electronics/computers/pc/gxpmk.html,199 €,I7-6700
1000,-,16,Geforce Rtx4060 Ti 8Gb Gddr6,H410 fsb8000mts usb/sata3,4400,jaun.,,,https://www.ss.lv/msg/lv/electronics/computers/pc/bgoxbj.html,919 €,Core i5-11400
1250,-,16,1080Ti,Z370 sli plus (ms74b6),3.60,lietota,,,https://www.ss.lv/msg/lv/electronics/computers/pc/gjhoh.html,650 €,I7-9700k
1000,-,16,Rtx 3070,8 core duo,3.40,lietota,,,https://www.ss.lv/msg/lv/electronics/computers/pc/ejkhg.html,1 600 €,Ryzen 7 5800
240,-,16,Intel hd,Hp,4.10,jaun.,,,https://www.ss.lv/msg/lv/electronics/computers/pc/dmfbx.html,349 €,Intel Core i5
256,DVD-RW,16,Hd graphics 4600,Intel,3.20,lietota,,,https://www.ss.lv/msg/lv/electronics/computers/pc/cnjhp.html,115 €,I5-4460
1000,-,8,Kameras nav,Asus,2.90,lietota,,,https://www.ss.lv/msg/lv/electronics/computers/pc/fhjin.html,300 €,I5-9400Asus
120,-,4,2,Intel,2.40,lietota,,,https://www.ss.lv/msg/lv/electronics/computers/pc/gpomp.html,69 €,Core i3-2100
1000,-,16,Gigabyte geforce rtx 2060 oc 6g rev. 2,B550M Steel Legend,3.70,lietota,,,https://www.ss.lv/msg/lv/electronics/computers/pc/fnhcp.html,580 €,Ryzen 5 5600X
256,DVD,8,Hd graphics 2000,Dell,3.30,lietota,,,https://www.ss.lv/msg/lv/electronics/computers/pc/fnelo.html,75 €,I5-2500
1000,-,32,Geforce rtx3070 8gb gddr6 14ghz,H610 fsb8000mts usb/sata3,4900,jaun.,,,https://www.ss.lv/msg/lv/electronics/computers/pc/lpigp.html,1 179 €,Core i7-12700
500,-,16,Zotac Gaming Geforce Gtx 1660super,Msi b450m-a pro max,4.00,jaun.,,,https://www.ss.lv/msg/lv/electronics/computers/pc/didgl.html,520 €,Ryzen 3 4100
256,DVD,16,Hd graphics 4600,Lenovo,3.30,lietota,,,https://www.ss.lv/msg/lv/electronics/computers/pc/dikog.html,99 €,I5-4590
256,DVD-RW,8,Hd graphics 4600,Intel,3.30,lietota,,,https://www.ss.lv/msg/lv/electronics/computers/pc/fhfmi.html,110 €,I5-4590
1000,-,16,Geforce rtx3060 12gb ggdr6,H310 fsb4800mts,5000,jaun.,,,https://www.ss.lv/msg/lv/electronics/computers/pc/mxpnp.html,759 €,Core i9 9900
1,-,16,Gtx 1060 6gb,Msi b250m,4.20,lietota,,,https://www.ss.lv/msg/lv/electronics/computers/pc/fxpek.html,350 €,Intel i7 7700
1000,DVD,8,Nvidia Gefroce 730,Dell,3.30,lietota,,,https://www.ss.lv/msg/lv/electronics/computers/pc/mxfxm.html,50 €,I5
1,CD-RW,8,Radeon hd 6800,Asus p7p550-e lx,3.20,lietota,,,https://www.ss.lv/msg/lv/electronics/computers/pc/gbhnx.html,40 €,Intel Core i5
1000,-,16,Geforce rtx 3050 8gb,Z790,5.40,jaun.,,,https://www.ss.lv/msg/lv/electronics/computers/pc/jpjpp.html,1 299 €,I7-13700Kf
500,DVD-RW,8,Amd radeon hd 6750m,Apple,2.50,lietota,,,https://www.ss.lv/msg/lv/electronics/computers/pc/fnekx.html,305 €,Intel Core i5
,,,,,,,"Rīga, Ķengarags",Darbadienas + sest.,https://www.ss.lv/msg/lv/electronics/computers/repairing-pcs/repairing-pcs/bmpbmp.html,,
480,DVD-RW,8,Nvidia geforce gt240,Fujitsu,3.70,lietota,,,https://www.ss.lv/msg/lv/electronics/computers/pc/flcjk.html,120 €,Intel i3-6100
480,DVD-RW,8,Intel Hd video 530,Fujitsu Esprimo,3.70,lietota,,,https://www.ss.lv/msg/lv/electronics/computers/pc/kxjpg.html,110 €,Intel i3-6100
256,DVD-RW,8,Hd graphics 4600,Lenovo,3.10,lietota,,,https://www.ss.lv/msg/lv/electronics/computers/pc/deblg.html,140 €,I7-4770S
628,DVD,8,Intel Hd Graphics 2000,Fujitsu,3.10,lietota,,,https://www.ss.lv/msg/lv/electronics/computers/pc/fnglh.html,75 €,I5-2400
1000,-,16,"Intel Uhd630 Graphics on 4Gb Ddr4, Dire",H410 fsb8000mts usb/sata3,4800,jaun.,,,https://www.ss.lv/msg/lv/electronics/computers/pc/opich.html,449 €,Core i7-10700
620,DVD-RW,16,Intel hd graphics 2000,Intel,3.10,lietota,,,https://www.ss.lv/msg/lv/electronics/computers/pc/kghjj.html,50 €,Intel i5 2400
1256,-,32,11 gb zotac 1080ti amp,Msi z370m mortar,3.70,lietota,,,https://www.ss.lv/msg/lv/electronics/computers/pc/gnjle.html,600 €,Intel i7-8700
,,,,,,,"Daugavpils un raj., Daugavpils",Darbadienas + sest.,https://www.ss.lv/msg/lv/electronics/computers/repairing-pcs/repairing-pcs/bmnhlb.html,,
500,DVD-RW,4,Intel gma 3100,Gigabyte ga-g31m-es2l,2.70,lietota,,,https://www.ss.lv/msg/lv/electronics/computers/pc/flxci.html,30 €,Pentium E5400
1000,-,4,Radeon R7 6x Core Ddr4,A320 am4 fsb9200mts,4300,jaun.,,,https://www.ss.lv/msg/lv/electronics/computers/pc/lojie.html,359 €,Amd a12-9800
,,,,,,,"Rīga, centrs",Darbadienas + sest.,https://www.ss.lv/msg/lv/electronics/computers/repairing-pcs/repairing-pcs/bmopfb.html,,
1000,-,8,Amd Radeon R7 200,Intel,3.20,lietota,,,https://www.ss.lv/msg/lv/electronics/computers/pc/dgjom.html,230 €,Intel Core i5
500,-,32,Amd radeon rx 580 4gb,Amd,3.70,lietota,,,https://www.ss.lv/msg/lv/electronics/computers/pc/emjed.html,409 €,Amd ryzen 5
,,,,,,,"Rīga, Ķengarags",Darbadienas + sest.,https://www.ss.lv/msg/lv/electronics/computers/repairing-pcs/repairing-pcs/bmoped.html,,
1000,-,16,Geforce rtx3050 8gb gddr6 12000mhz,Intel H310 Fsb8000Mts,4900,jaun.,,,https://www.ss.lv/msg/lv/electronics/computers/pc/fonoj.html,799 €,Core i7-11700
500,-,16,Intel Hd Graphics 730,Lga1700/ddr4/usb3.2/sa ta3,4.60,jaun.,,,https://www.ss.lv/msg/lv/electronics/computers/pc/hdpjk.html,499 €,I5-13400
1370,DVD-RW,12,Asus Gt630 2Gb,Intel,3.40,lietota,,,https://www.ss.lv/msg/lv/electronics/computers/pc/gpbbm.html,100 €,I7-3770
1000,-,16,Geforce gtx1650 4gb gddr5,H410 fsb8000mts,4400,jaun.,,,https://www.ss.lv/msg/lv/electronics/computers/pc/mxhxn.html,599 €,Core i5-11400
500,DVD-RW,4,Intel hd,Msi,3.40,lietota,,,https://www.ss.lv/msg/lv/electronics/computers/pc/gogjm.html,65 €,Intel core i3
500,-,16,1660ti Gigabyte Gaming Oc 6gb,Msi x570-a pro,3.80,lietota,,,https://www.ss.lv/msg/lv/electronics/computers/pc/dlbeh.html,1 000 €,Ryzen 5 3600X
256,-,32,Msi gtx1060 armor oc 3gb,Gigabyte Z490 Visiong,3.80,lietota,,,https://www.ss.lv/msg/lv/electronics/computers/pc/ejmxc.html,675 €,I7-10700K
223,-,16,Gtx 1650,Intel,3.40,lietota,,,https://www.ss.lv/msg/lv/electronics/computers/pc/dhoik.html,700 €,Intel R i7
1000,-,16,Geforce Rtx4060 Ti 8Gb Gddr6,B450 am4 usb/sata3 fsb9200mts,4800,jaun.,,,https://www.ss.lv/msg/lv/electronics/computers/pc/lndbb.html,1 099 €,Ryzen 9-5900
1500,DVD-RW,6,Intel hd,Asus,2600,lietota,,,https://www.ss.lv/msg/lv/electronics/computers/pc/dpfdn.html,100 €,Intel core
1000,-,16,Intel uhd730 4gb ddr4,H610 fsb8000mts usb/sata3,4600,jaun.,,,https://www.ss.lv/msg/lv/electronics/computers/pc/ecxhk.html,499 €,Core i5-12500
500,-,32,Geforce rtx 4080 16gb,Lga 1700/ddr5,5.80,jaun.,,,https://www.ss.lv/msg/lv/electronics/computers/pc/gcnnj.html,2 599 €,I9-13900Kf
620,DVD-RW,8,Встроенная - Intel Hd Graphics 4600,Dell Optiplex 9020 Mini Tower,3.60,lietota,,,https://www.ss.lv/msg/lv/electronics/computers/pc/eojjd.html,80 €,Core i5-4570s
300,DVD-RW,8,Radeon hd 3600,Gygabite,3.50,lietota,,,https://www.ss.lv/msg/lv/electronics/computers/pc/efodl.html,90 €,Fx-6300
1000,-,8,Intel Iris 1536 Mb,Macmini,2.80,lietota,,,https://www.ss.lv/msg/lv/electronics/computers/pc/fbeko.html,215 €,Intel Core i5
1000,-,16,Geforce Gt1650 4Gb Gddr5 8000Mhz,B450 am4 fsb9200mts,4600,jaun.,,,https://www.ss.lv/msg/lv/electronics/computers/pc/mxlnh.html,719 €,Ryzen7 5700
500,CD-RW,16,Geforce rtx 3070,Geforce rtx 3070,3.60,lietota,,,https://www.ss.lv/msg/lv/electronics/computers/pc/glhko.html,1 200 €,Intel i7-1170
,,,,,,,"Rīga, Ķengarags",Katru dienu,https://www.ss.lv/msg/lv/electronics/computers/repairing-pcs/repairing-pcs/bmnpfm.html,,
500,CD-RW,4,Radeon hd6750m,I5(i5-2400S),2.50,lietota,,,https://www.ss.lv/msg/lv/electronics/computers/pc/hgcmn.html,240 €,I5(i5-2400S)
1000,-,16,Intel uhd630 4gb ddr4,Intel H310 Fsb4800Mts,4800,jaun.,,,https://www.ss.lv/msg/lv/electronics/computers/pc/fcbic.html,359 €,Core i5-10600
512,-,16,Gigabyte gaming oc rtx 3060 ti 8gb,Asus prime b450m-k ii,4.20,jaun.,,,https://www.ss.lv/msg/lv/electronics/computers/pc/gfblh.html,679 €,Ryzen 5 5500
1000,-,16,Zotac gaming twin edge oc rtx 3070 8gb,Asus Prime B550M-A,4.20,jaun.,,,https://www.ss.lv/msg/lv/electronics/computers/pc/elcfj.html,830 €,Ryzen 5 5500
1000,-,16,Msi ventus 2x oc rtx 4060 ti 8gb,Asus Prime B550M-A,4.40,jaun.,,,https://www.ss.lv/msg/lv/electronics/computers/pc/bnkho.html,959 €,Ryzen 5 5600
1000,-,32,Zotac trinity rtx 4070 12gb oc,Asus Prime B660M-A,4.60,jaun.,,,https://www.ss.lv/msg/lv/electronics/computers/pc/golnc.html,1 250 €,I5 13400F
160,DVD-RW,1,Intel gma950,Gigabyte 945gm-s2,3,lietota,,,https://www.ss.lv/msg/lv/electronics/computers/pc/expxk.html,10 €,Pentium 4
500,DVD-RW,8,Gtx 660 Ti,H81M-D2V,3.40,lietota,,,https://www.ss.lv/msg/lv/electronics/computers/pc/kodmj.html,105 €,I3-4130
628,DVD,8,Hd graphics 2500,Dell,3.20,lietota,,,https://www.ss.lv/msg/lv/electronics/computers/pc/dhdhl.html,85 €,I5-3470
1000,-,8,Geforce gt730 4gb gddr5,H410 fsb8000mts usb/sata3,4400,jaun.,,,https://www.ss.lv/msg/lv/electronics/computers/pc/djxdf.html,399 €,Core i5-11400
740,DVD-RW,8,Intel Uhd Graphics 630,Hp proone 400g5,3.10,lietota,,,https://www.ss.lv/msg/lv/electronics/computers/pc/fmoxo.html,150 €,I3 9100t
,,,,,,,,,https://www.ss.lv/msg/lv/electronics/computers/pc/fpifg.html,,
1000,-,16,Geforce rtx 4060ti 8gb,Am5/ddr5/,5.30,jaun.,,,https://www.ss.lv/msg/lv/electronics/computers/pc/hcxco.html,1 199 €,Ryzen 5 7600X
1000,-,32,Radeon Vega Rdna2 4Gb Ddr5,A620 am5 fsb9200 ddr5 pcie4.0,5300,jaun.,,,https://www.ss.lv/msg/lv/electronics/computers/pc/gocoi.html,769 €,Ryzen 5 7600X
500,-,16,Radeon Rx. Vega 7,Gigabyte a520m s2h,3700,jaun.,,,https://www.ss.lv/msg/lv/electronics/computers/pc/bgxcj.html,250 €,Ryzen 5 4600G
3000,-,64,Radeon Pro 580 8Gb,Mned2Ze,3.80,lietota,,,https://www.ss.lv/msg/lv/electronics/computers/pc/edopj.html,1 550 €,Intel Core i5
400,CD,16,Gtx nvidia 1660ti,Itx,3.80,lietota,,,https://www.ss.lv/msg/lv/electronics/computers/pc/ixdim.html,400 €,Amd ryzen 3
512,DVD,16,Hd grapcics 630,Fujitsu,3.40,lietota,,,https://www.ss.lv/msg/lv/electronics/computers/pc/epbkg.html,205 €,I5-7500
256,-,8,Intel Hd Graphics 530,Lenovo,3.20,lietota,,,https://www.ss.lv/msg/lv/electronics/computers/pc/femxf.html,149 €,I5-6500
320,DVD-RW,1,Ati radeon hd 2600 pro,Intel Santa Rosa,2.40,lietota,,,https://www.ss.lv/msg/lv/electronics/computers/pc/fniim.html,100 €,Intel Core 2
500,-,8,Uhd graphics,Hp pavilion aio,3.00,jaun.,,,https://www.ss.lv/msg/lv/electronics/computers/pc/fccff.html,539 €,Amd ryzen 5
620,DVD-RW,8,Radeon R7,Hp elitedesk 705 g3 sff,3.10,lietota,,,https://www.ss.lv/msg/lv/electronics/computers/pc/efnix.html,120 €,Amd a8-9600
500,-,8,Radeon 5300,IMac 27 2020,3.30,jaun.,,,https://www.ss.lv/msg/lv/electronics/computers/pc/fxikd.html,1 599 €,I5 6core
500,DVD,4,512,Asus,3.40,lietota,,,https://www.ss.lv/msg/lv/electronics/computers/pc/flobn.html,25 €,I3-2130
256,-,8,Amd radion hd6970m,Macos,3.10,lietota,,,https://www.ss.lv/msg/lv/electronics/computers/pc/fmejl.html,370 €,I5-2400
512,-,8,M1,Ios,3.50,lietota,,,https://www.ss.lv/msg/lv/electronics/computers/pc/joeex.html,490 €,Apple M1
250,CD,16,Nvidia gtx 1050ti,Intel,3.20,lietota,,,https://www.ss.lv/msg/lv/electronics/computers/pc/gjcnm.html,200 €,Intel core i5
512,-,16,Nvidia geforce rtx 3060 ti 8gb,Asus Prime B560M-A,3.90,lietota,,,https://www.ss.lv/msg/lv/electronics/computers/pc/dehnc.html,799 €,I5-11600K
1000,-,8,Feforce Gt710 2Gb Turbocache,Am3+ fsb2000mts,4000,jaun.,,,https://www.ss.lv/msg/lv/electronics/computers/pc/mxbko.html,279 €,Amd fx8300
128,DVD-RW,8,Intel hd 4600,Lenovo,3.70,lietota,,,https://www.ss.lv/msg/lv/electronics/computers/pc/hepih.html,115 €,I5-4590
500,DVD-RW,8,Intel hd 4600,Lenovo,3.70,lietota,,,https://www.ss.lv/msg/lv/electronics/computers/pc/fgnoo.html,110 €,I5-4590
480,-,16,Rx570 8gb,B85m,3.60,lietota,,,https://www.ss.lv/msg/lv/electronics/computers/pc/eipgx.html,235 €,I5 4460
512,-,8,Nvidia geforce gtx 1060 3gb,Msi b250m pro-vd (ms-7a74),3,lietota,,,https://www.ss.lv/msg/lv/electronics/computers/pc/kghle.html,350 €,Core i5-7400
1500,-,16,Nvidia gtx 1050ti 4gb,Its,3.90,jaun.,,,https://www.ss.lv/msg/lv/electronics/computers/pc/eoxcd.html,419 €,Intel Core i7
240,-,8,Intel Hd Graphics 4400,Gigabyte ga-b85m-d3h,3.40,lietota,,,https://www.ss.lv/msg/lv/electronics/computers/pc/fjipf.html,50 €,I3-4130
500,-,16,Geforce rtx 4060 8gb,Socket 1700/ddr4/usb 3.2,4.60,jaun.,,,https://www.ss.lv/msg/lv/electronics/computers/pc/eeexg.html,899 €,Corei5-13400F
256,-,32,Intel Uhd Graphics 630,Apple,3.00,lietota,,,https://www.ss.lv/msg/lv/electronics/computers/pc/kmemf.html,300 €,Intel i5
500,-,16,Gtx 1650,Msi,4.20,lietota,,,https://www.ss.lv/msg/lv/electronics/computers/pc/fdden.html,330 €,Ryzen 5
500,DVD-RW,8,Geforce gtx750ti 2gb,H61 gsb4800mts,3800,lietota,,,https://www.ss.lv/msg/lv/electronics/computers/pc/fcxdk.html,99 €,Core i5-3570K
,,,,,,,"Rīga, centrs",Darbadienas,https://www.ss.lv/msg/lv/electronics/computers/repairing-pcs/repairing-pcs/bmnnch.html,,
512,-,8,7 Core M1,Macmini m1,3.20,lietota,,,https://www.ss.lv/msg/lv/electronics/computers/pc/dgfoo.html,649 €,Apple M1
1000,-,16,Geforce rtx3060 12gb gddr6 hdmi,Intel H610 Fsb8000Mts,4600,jaun.,,,https://www.ss.lv/msg/lv/electronics/computers/pc/gxdmj.html,889 €,Core i5-13400
,,,,,,,"Rīga, Maskavas priekšpilsēta",Darbadienas + sest.,https://www.ss.lv/msg/lv/electronics/computers/repairing-pcs/repairing-pcs/bnxoxi.html,,
120,-,4,Intel Hd Graphics 5000,Intel,2.60,lietota,,,https://www.ss.lv/msg/lv/electronics/computers/pc/keecg.html,180 €,Intel i5-4250
620,DVD-RW,8,Встроенный - Amd Radeon R7 Graphics,Hp elitedesk 705 g2 sff,3.20,lietota,,,https://www.ss.lv/msg/lv/electronics/computers/pc/dhldd.html,65 €,A8-8650B
1000,-,16,Radeon rx vega 8 core 4gb dddr4 dx11,Amd a320 fsb9200mts,4400,jaun.,,,https://www.ss.lv/msg/lv/electronics/computers/pc/gnmbb.html,499 €,Ryzen 7 4050G
255,-,32,Amd radeon hd 6970m 2048mb,Apple 820-2828,3.40,lietota,,,https://www.ss.lv/msg/lv/electronics/computers/pc/gnebe.html,390 €,Intel Core i7
1000,-,16,Geforce rtx 3050 8gb,B460/socket 1200/ddr4/usb 3.2,5.10,jaun.,,,https://www.ss.lv/msg/lv/electronics/computers/pc/fgnij.html,899 €,I7-10700Kf
1000,-,16,Geforce Rtx4060 8Gb Gddr6 14.000Mhz,H410 fsb8000mts usb/sata3,4800,jaun.,,,https://www.ss.lv/msg/lv/electronics/computers/pc/ixebm.html,889 €,Core i7-10700
1000,-,16,512,Imac,2.70,lietota,,,https://www.ss.lv/msg/lv/electronics/computers/pc/efemd.html,380 €,I5 Apple
500,-,4,Nvidia geforce gt430,Gigabyte,2.60,lietota,,,https://www.ss.lv/msg/lv/electronics/computers/pc/hpmee.html,45 €,E5300
1000,-,16,"Intel uhd750 graphics on 4gb ddr4, dx12",H610 fsb8000mts usb/sata3,4900,jaun.,,,https://www.ss.lv/msg/lv/electronics/computers/pc/kiegk.html,669 €,Core i7-12700
1000,-,16,Sapphire rx550,Msi b250m mortar,4.20,lietota,,,https://www.ss.lv/msg/lv/electronics/computers/pc/dfdhl.html,300 €,I5-7600k
1000,-,16,Geforce rtx3050 8gb gddr6,B450 am4 usb/sata3,4800,jaun.,,,https://www.ss.lv/msg/lv/electronics/computers/pc/kkihm.html,899 €,Ryzen 9-5900
320,DVD-RW,8,Integrated,Hp q67,2.50,lietota,,,https://www.ss.lv/msg/lv/electronics/computers/pc/empom.html,60 €,I5-2400
1500,-,16,Rtx 2060 super,Asrock ab350m pro4,3.60,lietota,,,https://www.ss.lv/msg/lv/electronics/computers/pc/gbcnc.html,450 €,Ryzen 5 2600x
1000,-,16,Geforce rtx3060 12gb gddr6,Intel H410 8000Mts,5200,jaun.,,,https://www.ss.lv/msg/lv/electronics/computers/pc/mxlff.html,929 €,Core i9-11900
500,-,32,Geforce rtx 4080 16gb,Lga 1700,4.60,jaun.,,,https://www.ss.lv/msg/lv/electronics/computers/pc/eleec.html,2 199 €,Corei5-13400F
512,-,16,Nvidia geforce rtx 3060,Amd pro 565,4.60,lietota,,,https://www.ss.lv/msg/lv/electronics/computers/pc/dokxo.html,500 €,Amd Ryzen 7
1000,-,8,Nvidia geforce gt 650m,Apple iMac,2.90,lietota,,,https://www.ss.lv/msg/lv/electronics/computers/pc/gxddb.html,150 €,Intel Core i5
1000,-,64,Geforce rtx4080 16gb gddr6x oc,Z690 ddr5 pcie4.0 fsb8000mts,5200,jaun.,,,https://www.ss.lv/msg/lv/electronics/computers/pc/bgoxog.html,2 699 €,Core i9-12900
1,-,32,Geforce rtx 2060 super 8gb,Mpg x570,3.80,lietota,,,https://www.ss.lv/msg/lv/electronics/computers/pc/fkmni.html,1 250 €,Amd ryzen 9
1000,-,16,Geforce rtx4070 12gb gddr6x,H410 fsb8000mts usb/sata3,5300,jaun.,,,https://www.ss.lv/msg/lv/electronics/computers/pc/mxlnp.html,1 199 €,Core i9-10900
1000,-,16,Radeon Rx Vega 7 Core Ddr4,B450 am4 fsb9200mts,4200,jaun.,,,https://www.ss.lv/msg/lv/electronics/computers/pc/mxlkj.html,379 €,Ryzen5 4600G
250,-,16,3060Ti asus dual,B450M H Gigabyte,3.70,lietota,,,https://www.ss.lv/msg/lv/electronics/computers/pc/lohdj.html,760 €,Ryzen 5 5600X
1000,-,8,Nvidia 750ti 2gb,H81M-K asus,3.40,lietota,,,https://www.ss.lv/msg/lv/electronics/computers/pc/enhhp.html,200 €,Intel i3-3700
1000,-,16,Geforce rtx3050 8gb,B450/socket am4/ddr4/usb 3.0,4.10,jaun.,,,https://www.ss.lv/msg/lv/electronics/computers/pc/elhbp.html,699 €,Ryzen 5 4500
250,DVD,8,X,X,3.10,lietota,,,https://www.ss.lv/msg/lv/electronics/computers/pc/fheeg.html,1 200 €,6-Core Intel
1000,CD-RW,12,Gtx 650 ti,Asus m5A9,4.00,lietota,,,https://www.ss.lv/msg/lv/electronics/computers/pc/hehjl.html,120 €,Amd fx-8320
256,-,8,Apple M1 7C,"IMac 24, 4.5K 2021",3.40,lietota,,,https://www.ss.lv/msg/lv/electronics/computers/pc/dodgk.html,1 099 €,Apple M1 8C
750,-,4,Intel Hd Graphics 4000,Lenovo thinkcentre,3.40,lietota,,,https://www.ss.lv/msg/lv/electronics/computers/pc/dilnh.html,180 €,Corei7-3770
1000,-,16,Geforce rtx3060 12gb gddr6 12ghz,Intel H110 4800Mts,4200,jaun.,,,https://www.ss.lv/msg/lv/electronics/computers/pc/bgnbkh.html,649 €,Core i7-7700
500,-,8,"Intel hdgraphics 530, nvidia geforcegt730",Hp elitedesk 800g2,3.20,lietota,,,https://www.ss.lv/msg/lv/electronics/computers/pc/gklmc.html,216 €,Corei5-6500
500,-,4,Intel Hd Graphics,123,3.30,lietota,,,https://www.ss.lv/msg/lv/electronics/computers/pc/mxfmj.html,99 €,Corei3-3230
500,DVD-RW,4,Intel Hd Graphics 2500,Hp Compaq Pro 4300,3.20,lietota,,,https://www.ss.lv/msg/lv/electronics/computers/pc/ebifp.html,103 €,Corei5-3470
250,DVD-RW,4,Intelgma4500,Lenovosingaporethinkce ntre,2.70,lietota,,,https://www.ss.lv/msg/lv/electronics/computers/pc/gceoe.html,71 €,Pentiume5400
500,-,32,Geforce rtx 4070ti 12gb,B650,5.30,jaun.,,,https://www.ss.lv/msg/lv/electronics/computers/pc/dmhjn.html,1 699 €,Ryzen 5 7600X
,,,,,,,"Rīga, centrs",Darbadienas + sest.,https://www.ss.lv/msg/lv/electronics/computers/repairing-pcs/repairing-pcs/bnclxf.html,,
,,,,,,,"Rīga, Teika",Darbadienas,https://www.ss.lv/msg/lv/electronics/computers/repairing-pcs/repairing-pcs/bnxdgx.html,,
128,DVD-RW,8,Radion R7 200,Dq87Pg,3.10,lietota,,,https://www.ss.lv/msg/lv/electronics/computers/pc/lmjgm.html,60 €,I5-4440
500,-,8,Intel hd 530,Hp,3.70,lietota,,,https://www.ss.lv/msg/lv/electronics/computers/pc/gkbjc.html,135 €,Intel Core i3
120,DVD-RW,8,Intel hd graphics pro,Intel,3000,lietota,,,https://www.ss.lv/msg/lv/electronics/computers/pc/dhmgn.html,150 €,I5-4590s
,,,,,,,"Rīga, Imanta",Darbadienas + sest.,https://www.ss.lv/msg/lv/electronics/computers/repairing-pcs/repairing-pcs/bndidb.html,,
1000,-,16,Geforce gtx1650 4gb gddr5 8000mhz,Amd a320 fsb9200mts,4600,jaun.,,,https://www.ss.lv/msg/lv/electronics/computers/pc/dfxgl.html,649 €,Ryzen5 5600
500,-,16,Nvidia geforce gtx 1050 ti,Gigabyte h510m,3.90,lietota,,,https://www.ss.lv/msg/lv/electronics/computers/pc/emeko.html,480 €,I5-11600Kf
,,,,,,,"Rīga, Āgenskalns",Darbadienas,https://www.ss.lv/msg/lv/electronics/computers/repairing-pcs/repairing-pcs/bnmkkk.html,,
256,-,8,7-core,Apple M1,3,lietota,,,https://www.ss.lv/msg/lv/electronics/computers/pc/efclp.html,1 150 €,8-core
80,DVD-RW,8,Nvidia geforce 8400 gs,Asrock n68c-s ucc,3.00,lietota,,,https://www.ss.lv/msg/lv/electronics/computers/pc/dpnex.html,25 €,Amd athlon ii
480,-,8,Geforce 1650 4gb,Gigabyte h310m,2.80,lietota,,,https://www.ss.lv/msg/lv/electronics/computers/pc/mboxj.html,329 €,I5-8400
220,-,8,Msi rx 560 4gb,Asus strix z270f gaming,3.90,lietota,,,https://www.ss.lv/msg/lv/electronics/computers/pc/gicop.html,232 €,I3-7100
1000,-,4,Integrētā,Monkp,2.10,lietota,,,https://www.ss.lv/msg/lv/electronics/computers/pc/kklob.html,300 €,Ryzen 5-3500U
,,,,,,,"Rīga, Cits",Katru dienu,https://www.ss.lv/msg/lv/electronics/computers/repairing-pcs/repairing-pcs/bnbxxi.html,,
240,DVD-RW,12,Gtx 560 se,Asus p8h77-v,3.80,lietota,,,https://www.ss.lv/msg/lv/electronics/computers/pc/fdhlj.html,95 €,I5 - 3570
1000,-,16,Geforce rtx 3050 8gb,B450/socket am4/ddr4/usb 3.0,4.50,jaun.,,,https://www.ss.lv/msg/lv/electronics/computers/pc/acjjd.html,899 €,Zen 7 5800x3d
256,-,4,Intel Hd Graphics,Asus,2.40,lietota,,,https://www.ss.lv/msg/lv/electronics/computers/pc/hcnmk.html,60 €,N3700
1000,-,32,Geforce rtx3070 8gb gddr6,Intel H410 8000Mts,5200,jaun.,,,https://www.ss.lv/msg/lv/electronics/computers/pc/knhno.html,1 099 €,Core i9-11900
2048,-,24,Radeo Pro 580X (8Gb),Apple,3.70,lietota,,,https://www.ss.lv/msg/lv/electronics/computers/pc/gfngd.html,1 200 €,Apple
2000,-,16,Rtx 2060 6gb,Gigabyt B450 Aorus M,3.60,lietota,,,https://www.ss.lv/msg/lv/electronics/computers/pc/fmcxj.html,450 €,Amd ryzen 5
750,-,16,Gtx 1060 6gb,B450M,3.40,lietota,,,https://www.ss.lv/msg/lv/electronics/computers/pc/fieif.html,420 €,Ryzen 2600
1000,-,16,Geforce rtx3050 8gb gddr6,H310 fsb4800mts,5000,jaun.,,,https://www.ss.lv/msg/lv/electronics/computers/pc/bpmobi.html,699 €,Core i9 9900
,,,,,,,"Rīga, Ķengarags",Darbadienas + sest.,https://www.ss.lv/msg/lv/electronics/computers/repairing-pcs/repairing-pcs/bmnpfh.html,,
1000,-,16,Radeon R7 6x Core Ddr4,A320 am4 fsb9200mts,3800,jaun.,,,https://www.ss.lv/msg/lv/electronics/computers/pc/fomlp.html,319 €,Amd a10-9700
240,-,16,Asus gtx 1070 ti,Gigabyte h310m s2h Iga-1151,3.10,lietota,,,https://www.ss.lv/msg/lv/electronics/computers/pc/fgemx.html,490 €,Intel I5 8600
1000,-,16,Radeon Pro 555,IMac,3.00,lietota,,,https://www.ss.lv/msg/lv/electronics/computers/pc/bcbjk.html,450 €,I5
1000,-,32,"Intel uhd730 graphics on 4gb ddr4, dx12",H610 fsb8000mts,4600,jaun.,,,https://www.ss.lv/msg/lv/electronics/computers/pc/pmenm.html,499 €,Core i5-12500
560,-,8,Asus gtx960 4gb,Gigabyte b460 hd3,4.30,lietota,,,https://www.ss.lv/msg/lv/electronics/computers/pc/fjnke.html,320 €,I3 10100f
512,-,16,Intel Uhd Graphics 770,Intel Q670,4.80,jaun.,,,https://www.ss.lv/msg/lv/electronics/computers/pc/adpij.html,300 €,Inteli5-12600
1000,-,32,Radeon Vega Rdna2:shading Units:716 Ddr5,A620 am5 9200mts pcie4.0 ddr5,5600,jaun.,,,https://www.ss.lv/msg/lv/electronics/computers/pc/kpfbn.html,1 159 €,Ryzen9 7900xd
1000,-,16,Radeon Pro 555 2Gb,IMac 2017 4K Retina,3.00,lietota,,,https://www.ss.lv/msg/lv/electronics/computers/pc/ekcdd.html,450 €,Intel i5
1000,-,16,Geforce rtx3070 8gb gddr6,Intel H610 Fsb8000Mts,4600,jaun.,,,https://www.ss.lv/msg/lv/electronics/computers/pc/mxdhx.html,997 €,Core i5-13400
1024,-,16,Rx6700xt,B450 aorus elite v2,4.70,jaun.,,,https://www.ss.lv/msg/lv/electronics/computers/pc/hflnn.html,819 €,5800x
1000,-,16,Intel Iris Pro,Apple Imac,2800,lietota,,,https://www.ss.lv/msg/lv/electronics/computers/pc/fgffg.html,230 €,Core i5
1003,-,8,Radeon Pro 560X 4Gb,Retina 4K ssd,3,lietota,,,https://www.ss.lv/msg/lv/electronics/computers/pc/loonp.html,950 €,Apple 6-Core
2000,DVD-RW,8,Intel hd,Asus,3600,lietota,,,https://www.ss.lv/msg/lv/electronics/computers/pc/lolek.html,170 €,Core i3
1000,-,16,Geforce rtx4070 12gb gddr6x,H610 fsb8000mts usb/sata3,5100,jaun.,,,https://www.ss.lv/msg/lv/electronics/computers/pc/kmkpp.html,1 489 €,Core i9-12900
500,-,16,Geforce rtx 4070 12gb,B450/socket am4/ddr4/usb 3.0,4.50,jaun.,,,https://www.ss.lv/msg/lv/electronics/computers/pc/fpfbg.html,1 299 €,Ryzen7 58003D
1000,-,16,Geforce Rtx6060 Ti 8Gb Gddr6,H410 fsb8000mts usb/sata3,4400,jaun.,,,https://www.ss.lv/msg/lv/electronics/computers/pc/fmgcb.html,919 €,Core i5-11400
1000,-,8,Radeon R7 6x Core Ddr4,Amd a320 fsb9200mts,4300,jaun.,,,https://www.ss.lv/msg/lv/electronics/computers/pc/ppgin.html,299 €,Amd a12-9800
512,-,16,Iebuv,X64,1.99,lietota,,,https://www.ss.lv/msg/lv/electronics/computers/pc/ecpie.html,650 €,Intel Core 5
1000,-,16,Geforce Rtx3050 8Gb Gddr6 12.000Mhz,H410 fsb8000mts usb/sata3,4900,jaun.,,,https://www.ss.lv/msg/lv/electronics/computers/pc/ajlhk.html,799 €,Core i7-11700
500,DVD-RW,8,Geforce Gtx660 2Gb Gddr5 256bit 6000Mhz,A55 fsb5200mts,4000,lietota,,,https://www.ss.lv/msg/lv/electronics/computers/pc/eeljk.html,99 €,Amd 750k be
500,-,32,Geforce rtx 4080 16gb,Lga 1700/ddr5,5.40,jaun.,,,https://www.ss.lv/msg/lv/electronics/computers/pc/gxpnj.html,2 499 €,I7-13700Kf
1000,-,16,Intel hd630 4gb ddr4,Intel H310 Fsb8000Mts,4600,jaun.,,,https://www.ss.lv/msg/lv/electronics/computers/pc/ghhxm.html,399 €,Core i7-8700
1000,-,16,Geforce rtx4060 8gb gddr6,Intel H410 8000Mts,5200,jaun.,,,https://www.ss.lv/msg/lv/electronics/computers/pc/pxbkc.html,919 €,Core i9-10900
1000,-,32,"Intel uhd750 on 4gb ddr4 dx12, hdmi",H410 fsb8000mts usb/sata3,5200,jaun.,,,https://www.ss.lv/msg/lv/electronics/computers/pc/ggplf.html,699 €,Core i9-11900
1000,-,16,Geforce gt730 4gb gddr5,Intel H410 8000Mts,4300,jaun.,,,https://www.ss.lv/msg/lv/electronics/computers/pc/bpnhgo.html,439 €,Core i5-11400
2000,-,32,Geforce Rtx4060 8Gb Gddr6 14.000Mhz,Amd b450 9200mts am4,4500,jaun.,,,https://www.ss.lv/msg/lv/electronics/computers/pc/phjjn.html,1 079 €,Ryzen7 5800xd
256,DVD,20,Amd radion,Nezinu,3.40,lietota,,,https://www.ss.lv/msg/lv/electronics/computers/pc/gcdbh.html,199 €,Intel core i7
1,-,16,Nav,X79,2.80,lietota,,,https://www.ss.lv/msg/lv/electronics/computers/pc/emnde.html,130 €,Intel Xeon E5
1000,-,16,Radeon vega rdna2 ddr5,A620 am5 fsb9200 ddr5,5300,jaun.,,,https://www.ss.lv/msg/lv/electronics/computers/pc/ggijx.html,699 €,Ryzen5 7600X
500,-,16,Geforce rtx 4060 8gb,Am4/ddr4/usb3.2/sata3,4.70,jaun.,,,https://www.ss.lv/msg/lv/electronics/computers/pc/ixecb.html,998 €,Zen 7 5800x3d
1000,-,8,Feforce Gt710 2Gb Turbocache,Am3+ fsb2000mts,4000,jaun.,,,https://www.ss.lv/msg/lv/electronics/computers/pc/pxxij.html,299 €,Amd fx8300
500,-,16,Gtx 1070 g1,Asrock Super Alloy,4.20,jaun.,,,https://www.ss.lv/msg/lv/electronics/computers/pc/gpcdc.html,590 €,I5-7600K
1000,-,16,Intel uhd630 4gb ddr4,Intel H310 Fsb8000Mts,4900,jaun.,,,https://www.ss.lv/msg/lv/electronics/computers/pc/kmkem.html,459 €,Core i9-9900
620,DVD-RW,8,Integrated - Intel Hd Graphics 2000,Dell Vostro 260s sff,3.40,lietota,,,https://www.ss.lv/msg/lv/electronics/computers/pc/dixgg.html,70 €,Core i5-2400
1000,-,16,Intel hd530 4gb ddr3,B81 fsb4000mts,5200,jaun.,,,https://www.ss.lv/msg/lv/electronics/computers/pc/bkmjcm.html,1 099 €,Core i9-10900
1000,-,16,Intel uhd630 4gb ddr4,Intel H310 Fsb8000Mts,4600,jaun.,,,https://www.ss.lv/msg/lv/electronics/computers/pc/bpmnig.html,399 €,Core i7-8700
1000,-,16,Geforce rtx 4060ti 8gb,Lga1700/ddr4/usb3.2/sa ta3,5.20,jaun.,,,https://www.ss.lv/msg/lv/electronics/computers/pc/elkng.html,1 199 €,I7-13700F
1000,-,32,Ati radeon hd 5770 1024mb,Logic Board,2.30,lietota,,,https://www.ss.lv/msg/lv/electronics/computers/pc/djdjk.html,499 €,Xeon Quad
1000,-,16,Geforce rtx3060 12gb gddr6 12ghz,H410 fsb8000mts,5200,jaun.,,,https://www.ss.lv/msg/lv/electronics/computers/pc/bknnnp.html,899 €,Core i9-10900
256,CD,4,Intel(R) uhd,Windows 10 pro,1.10,lietota,,,https://www.ss.lv/msg/lv/electronics/computers/pc/ebpgo.html,150 €,Intel(R)N4000
1000,-,32,Geforce Rtx4060 Ti 8Gb Gddr6,H410 fsb8000mts,4400,jaun.,,,https://www.ss.lv/msg/lv/electronics/computers/pc/lppio.html,989 €,Core i5 11400
500,-,8,Amd,Hp,3.10,lietota,,,https://www.ss.lv/msg/lv/electronics/computers/pc/hbmcg.html,50 €,A8 pro-7600b
1000,-,32,Intel uhd730 4gb ddr4 dx12,H610 fsb8000mts usb/sata3 ddr4,4600,jaun.,,,https://www.ss.lv/msg/lv/electronics/computers/pc/dfkxd.html,539 €,Core i5-13400
1000,-,16,Radeon Vega Rdna2:shading Units:716 Ddr5,A620 am5 9200mts pcie4.0 ddr5,5000,jaun.,,,https://www.ss.lv/msg/lv/electronics/computers/pc/fmjnh.html,969 €,Ryzen7 7800xd
1000,-,8,Nvidia gt640m,Apple Imac,2700,lietota,,,https://www.ss.lv/msg/lv/electronics/computers/pc/fdjmk.html,160 €,Core i5
1000,-,16,Geforce rtx 3050 8gb,Socket 1700/ddr4/usb 3.2,4.60,jaun.,,,https://www.ss.lv/msg/lv/electronics/computers/pc/fhmph.html,799 €,I5-13400F
1000,-,16,Amd rx 580 8gb,Gigabyte ab350m,3.20,lietota,,,https://www.ss.lv/msg/lv/electronics/computers/pc/dggxm.html,400 €,Ryzen 5 1600
2000,-,16,Geforce rtx4060 8gb gddr6,Intel H310 Fsb8000Mts,4900,jaun.,,,https://www.ss.lv/msg/lv/electronics/computers/pc/pxilx.html,789 €,Core i7-9700K
256,-,16,Intel hd530,Lenovo Thinkcentre m900,3100,lietota,,,https://www.ss.lv/msg/lv/electronics/computers/pc/dklff.html,160 €,Core i5-6500T
4,Blue-ray-RW,500,Geforce gtx 1050 ti,Sn 2022 616854,3.60,jaun.,,,https://www.ss.lv/msg/lv/electronics/computers/pc/hhbxh.html,600 €,Intel Core i3
1000,-,16,Geforce Rtx 2060 Super 8Gb,Msi b460m-a pro,5.20,lietota,,,https://www.ss.lv/msg/lv/electronics/computers/pc/opbnk.html,775 €,I9 10850Kf
1000,-,16,Radeon Rx Vega 8 Core Ddr4,A320 am4 fsb9200mts,3800,jaun.,,,https://www.ss.lv/msg/lv/electronics/computers/pc/eddcg.html,349 €,Ryzen5 3400G
80,DVD,1,Da,Da,3,lietota,,,https://www.ss.lv/msg/lv/electronics/computers/pc/gidgb.html,50 €,Da
931,DVD-RW,4,Intel hd graphics 4400,Asrock,3.40,lietota,,,https://www.ss.lv/msg/lv/electronics/computers/pc/epjpp.html,60 €,Intel Core I3
1000,-,16,Intel uhd630 4gb ddr4,Intel H310 Fsb8000Mts,5000,jaun.,,,https://www.ss.lv/msg/lv/electronics/computers/pc/dpfin.html,499 €,Core i9-9900K
,,,,,,,"Rīga, Cits",Katru dienu,https://www.ss.lv/msg/lv/electronics/computers/repairing-pcs/repairing-pcs/bnxddl.html,,
,,,,,,,"Daugavpils un raj., Daugavpils",Darbadienas,https://www.ss.lv/msg/lv/electronics/computers/repairing-pcs/repairing-pcs/bmoekh.html,15 €,
,,,,,,,"Rēzekne un raj., Rēzekne",Darbadienas + sest.,https://www.ss.lv/msg/lv/electronics/computers/repairing-pcs/repairing-pcs/bndghb.html,15 €,
,,,,,,,"Rēzekne un raj., Rēzekne",Darbadienas + sest.,https://www.ss.lv/msg/lv/electronics/computers/repairing-pcs/repairing-pcs/bnxodk.html,15 €,
,,,,,,,"Madona un raj., Madona",Darbadienas + sest.,https://www.ss.lv/msg/lv/electronics/computers/repairing-pcs/repairing-pcs/bneeno.html,15 €,
256,DVD-RW,8,Intel Uhd Graphics 630,Dell,3.90,lietota,,,https://www.ss.lv/msg/lv/electronics/computers/pc/dlxjf.html,110 €,Pentium Gold
1000,-,32,Geforce rtx3060 12gb gddr6,H410 fsb4800mts usb/sata3,4800,jaun.,,,https://www.ss.lv/msg/lv/electronics/computers/pc/eboxg.html,889 €,Core i7 10700
,,,,,,,"Rīga, Ķengarags",Darbadienas + sest.,https://www.ss.lv/msg/lv/electronics/computers/repairing-pcs/repairing-pcs/bncmxn.html,,
320,DVD-RW,8,Intel Hd Graphics,Hp,3.50,lietota,,,https://www.ss.lv/msg/lv/electronics/computers/pc/hdcii.html,60 €,Intel i3-4150
480,DVD-RW,8,Intel Hd Graphics 530,Fujitsu,3.20,lietota,,,https://www.ss.lv/msg/lv/electronics/computers/pc/eecbo.html,145 €,Intel i5-6500
120,-,4,Intel Hd Graphics 4400,Lenovo,2.60,lietota,,,https://www.ss.lv/msg/lv/electronics/computers/pc/fkdii.html,65 €,Pentium G3220
1000,CD,8,Nvidia geforce gtx 1050 ti,Intel,3.40,lietota,,,https://www.ss.lv/msg/lv/electronics/computers/pc/dlpej.html,210 €,Intel Core i7
240,DVD-RW,8,Intel Uhd Graphics 630,Dell 0vd92x,3.60,lietota,,,https://www.ss.lv/msg/lv/electronics/computers/pc/gpjfi.html,225 €,I3-10100
500,-,16,Nvidia geforce gtx 1660 ti 6gb,Gigabyte h510m s2h v2,3.60,lietota,,,https://www.ss.lv/msg/lv/electronics/computers/pc/mxbcp.html,379 €,Intel Core i3
1000,-,32,Geforce rtx3050 8gb gddr6 hdmi,H410 fsb8000mts usb/sata3,4800,jaun.,,,https://www.ss.lv/msg/lv/electronics/computers/pc/bpnhhx.html,979 €,Core i9-11900
500,-,32,Geforce rtx 4070 12gb,Lga1700/ddr4/usb3.2/sa ta3,5.80,jaun.,,,https://www.ss.lv/msg/lv/electronics/computers/pc/ejboo.html,1 599 €,I9-13900Kf
146,CD,16,Foto,Foto,2.40,lietota,,,https://www.ss.lv/msg/lv/electronics/computers/pc/gcffb.html,50 €,2x intel xeon
1000,-,16,Intel hd630 4gb ddr4,H110 fsb4800mts,4200,jaun.,,,https://www.ss.lv/msg/lv/electronics/computers/pc/egoxn.html,359 €,Core i7 7700
,,,,,,,"Rīga, Ķengarags",Darbadienas + sest.,https://www.ss.lv/msg/lv/electronics/computers/repairing-pcs/repairing-pcs/bncdjn.html,,
512,-,16,Msi aero itx rtx 3050 8gb oc,Asus prime b450m-k ii,4.20,jaun.,,,https://www.ss.lv/msg/lv/electronics/computers/pc/mbomi.html,499 €,Ryzen 5 3600
512,-,16,Msi aero itx rtx 3050 8gb oc,Msi h510m plus v3,4.30,jaun.,,,https://www.ss.lv/msg/lv/electronics/computers/pc/gkxnh.html,499 €,I5 10400F
1000,-,32,Radeon vega rdna2 ddr5,A620 fsb 8000mts am5,5300,jaun.,,,https://www.ss.lv/msg/lv/electronics/computers/pc/ddlmk.html,769 €,Ryzen5 7600X
2000,-,32,Geforce rtx4090 24gb gddrx,B660 Gaming Ddr5,4600,jaun.,,,https://www.ss.lv/msg/lv/electronics/computers/pc/bknpfb.html,3 289 €,Corei5-13400F
512,-,16,Rtx3070,B650m k,5.30,jaun.,,,https://www.ss.lv/msg/lv/electronics/computers/pc/gxdhi.html,819 €,Ryzen 5 7600x
512,-,16,Rtx3060,Msi h610m-e pro,4.50,jaun.,,,https://www.ss.lv/msg/lv/electronics/computers/pc/fkcpb.html,549 €,I3-12100f
620,DVD-RW,8,Intel,Intel,3.30,lietota,,,https://www.ss.lv/msg/lv/electronics/computers/pc/hgngx.html,35 €,Intel G4400
120,-,8,Radeon Hd 8570D,Lenovo,3.60,lietota,,,https://www.ss.lv/msg/lv/electronics/computers/pc/fxbkn.html,30 €,Amd a8-6500b
370,DVD-RW,8,Intel,Hp,3.30,lietota,,,https://www.ss.lv/msg/lv/electronics/computers/pc/fcxed.html,30 €,I3-2120
128,-,8,Integrēta videokarte: Radeon R7,Amd,2.80,lietota,,,https://www.ss.lv/msg/lv/electronics/computers/pc/egpgj.html,50 €,A10-8770E
1000,-,32,Geforce gt730 4gb gddr5,H410 fsb8000mts,5200,jaun.,,,https://www.ss.lv/msg/lv/electronics/computers/pc/kghng.html,599 €,Core i9-10900
500,-,16,Geforce gtx 1650 4gb,B450/socket am4/ddr4/usb 3.0,4.10,jaun.,,,https://www.ss.lv/msg/lv/electronics/computers/pc/eljck.html,599 €,Ryzen 5 4500
1000,-,16,Geforce Gtx1650 4Gb Gddr5 6000Mhz,H110 fsb4800mts,4200,jaun.,,,https://www.ss.lv/msg/lv/electronics/computers/pc/dnmhk.html,559 €,Core i7-7700
1000,-,32,Geforce rtx4060 8gb gddr6,Intel H410 Fsb8000Mts,5200,jaun.,,,https://www.ss.lv/msg/lv/electronics/computers/pc/gxpbd.html,979 €,Core i9-11900
1000,-,16,"Intel uhd770 graphics on 4gb ddr4, dx12",New h610 fsb8000mts,5100,jaun.,,,https://www.ss.lv/msg/lv/electronics/computers/pc/pknbe.html,739 €,Core i9-12900
500,DVD-RW,4,Radeon hd6750m,Apple Imac,2500,lietota,,,https://www.ss.lv/msg/lv/electronics/computers/pc/hhkxg.html,100 €,Core i5
1000,-,16,Geforce Rtx4060 Ti 8Gb Gddr6,H610 fsb8000mts usb/sata3,4600,jaun.,,,https://www.ss.lv/msg/lv/electronics/computers/pc/phjix.html,969 €,Core i5-12500
1000,-,16,Geforce rtx 4060ti 8gb,Lga1700/ddr4/usb3.2/sa ta3,4.60,jaun.,,,https://www.ss.lv/msg/lv/electronics/computers/pc/demfi.html,998 €,I5-13400F
240,-,8,2,Intel,3.40,lietota,,,https://www.ss.lv/msg/lv/electronics/computers/pc/pogdm.html,140 €,Core i5-6400
64,DVD-RW,4,2,Intel,2.90,lietota,,,https://www.ss.lv/msg/lv/electronics/computers/pc/doioj.html,99 €,Core i5-3333
1000,-,8,Amd radeon hd 5770 1gb,Motherboard,3.70,lietota,,,https://www.ss.lv/msg/lv/electronics/computers/pc/dcfmh.html,99 €,I3-610
250,DVD,8,Amd radeon hd 7750 4gb,Motherboard,3.60,lietota,,,https://www.ss.lv/msg/lv/electronics/computers/pc/exomx.html,80 €,Intel Core i3
600,-,12,Gtx 1050ti 4 gb oc,Fujitsu d3400-b,3.70,lietota,,,https://www.ss.lv/msg/lv/electronics/computers/pc/bpmmo.html,160 €,I3-6100
750,CD-RW,2,Geforce 210,Asus,2200,lietota,,,https://www.ss.lv/msg/lv/electronics/computers/pc/gikhf.html,70 €,Amd phenom
256,-,8,Intel hd,Hp,3.00,lietota,,,https://www.ss.lv/msg/lv/electronics/computers/pc/dcmnb.html,165 €,I5-4590T
1000,-,16,Geforce Gtx1650 4Gb Gddr5 8000Mhz,H610 fsb8000mts usb/sata3,4600,jaun.,,,https://www.ss.lv/msg/lv/electronics/computers/pc/eonib.html,679 €,Corei5-13400F
620,-,8,Intel hd,Hp,3.80,lietota,,,https://www.ss.lv/msg/lv/electronics/computers/pc/egjmc.html,190 €,I5-7500
500,DVD-RW,8,Intel hd,Dell,3.80,lietota,,,https://www.ss.lv/msg/lv/electronics/computers/pc/ibgph.html,125 €,I5-4670S
500,-,8,"Intel Hd Graphics 530, Amd Radeon R7 200",Hp elitedesk 800g3,3.20,lietota,,,https://www.ss.lv/msg/lv/electronics/computers/pc/fknef.html,189 €,Corei5-6500
500,-,8,"Intelhdgraphics530, nvidiageforcegt7304gb",Hp elitedesk800g2,3.20,lietota,,,https://www.ss.lv/msg/lv/electronics/computers/pc/dcflx.html,252 €,Corei5-6500
320,-,8,"Intel Hd Graphics 530, Amd Radeon R7 200",Hp elitedesk 800g2,3.20,lietota,,,https://www.ss.lv/msg/lv/electronics/computers/pc/dkdke.html,211 €,Corei5-6500
1000,-,32,Geforce rtx3070 8gb gddr6,H410 fsb8000mts,5200,jaun.,,,https://www.ss.lv/msg/lv/electronics/computers/pc/londm.html,1 099 €,Core i9-11900
512,-,16,Gigabyte gaming oc rtx 3070 8gb,Gigabyte H510M H,4.40,jaun.,,,https://www.ss.lv/msg/lv/electronics/computers/pc/hooik.html,730 €,I5 11400F
1000,DVD-RW,8,Hd7750-1Gd5-V2 1gb,Asus,3.10,lietota,,,https://www.ss.lv/msg/lv/electronics/computers/pc/gpgbn.html,135 €,Intel i5-4440
256,-,8,Intel Uhd Graphics 630,Dell 03rt16,3.80,lietota,,,https://www.ss.lv/msg/lv/electronics/computers/pc/dfhmi.html,499 €,I5-10500T
380,-,12,Amd radeon 6700xt,Gigabyte B450 Gaming X,3.40,lietota,,,https://www.ss.lv/msg/lv/electronics/computers/pc/dfmpf.html,510 €,Amd ryzen 3
1000,-,16,Radeon Vega 7 on 4Gb/shading Units 716,Amd a320 fsb9200mts,4200,jaun.,,,https://www.ss.lv/msg/lv/electronics/computers/pc/kmocn.html,379 €,Ryzen5 4600G
320,DVD-RW,8,Intel hd graphics pro,Asrok pro,3600,lietota,,,https://www.ss.lv/msg/lv/electronics/computers/pc/hedjj.html,75 €,I3-4160
480,DVD,16,Nvidia gtx 680,Asus b85m-g,3.40,lietota,,,https://www.ss.lv/msg/lv/electronics/computers/pc/gnmif.html,170 €,I7-4770
,,,,,,,"Daugavpils un raj., Daugavpils",Katru dienu,https://www.ss.lv/msg/lv/electronics/computers/repairing-pcs/repairing-pcs/bmpeom.html,,
1000,DVD-RW,16,Radeon rx580 8gb gddr5,Z77 fsb4800mts,3800,lietota,,,https://www.ss.lv/msg/lv/electronics/computers/pc/lpmxn.html,139 €,Core i5-3470K
465,-,10,Iebūvētā videokarte,Micro atx,3550,lietota,,,https://www.ss.lv/msg/lv/electronics/computers/pc/kpgho.html,150 €,Intel Core i5
1000,-,16,Geforce rtx3050 8gb gddr6,H110 fsb8000mts usb/sata3,4300,jaun.,,,https://www.ss.lv/msg/lv/electronics/computers/pc/gedgb.html,599 €,Core i7 7700
1000,-,16,Geforce rtx 4060ti 8gb,B450/am4/ddr4/usb3.2/s ata3,4.50,jaun.,,,https://www.ss.lv/msg/lv/electronics/computers/pc/ejkdm.html,1 099 €,Zen 7 5800x3d
1000,DVD,6,Iebūvēts,Hp,2.27,lietota,,,https://www.ss.lv/msg/lv/electronics/computers/pc/eoobb.html,45 €,Intel Xeon
144,-,131,Iebūvēts,Hp,2.93,lietota,,,https://www.ss.lv/msg/lv/electronics/computers/pc/gecek.html,155 €,Intel Xeon
292,-,16,Iebūvēts,Hp,2.93,lietota,,,https://www.ss.lv/msg/lv/electronics/computers/pc/feedg.html,75 €,Intel Xeon
240,-,8,Intel Hd Graphics,Dell,2.50,lietota,,,https://www.ss.lv/msg/lv/electronics/computers/pc/eepgc.html,160 €,I5-6500T
1,-,131,Iebūvēts,Cisco,2.70,lietota,,,https://www.ss.lv/msg/lv/electronics/computers/pc/fdgbm.html,185 €,Intel Xeon
,,,,,,,"Rīga, Ķengarags",Darbadienas + sest.,https://www.ss.lv/msg/lv/electronics/computers/repairing-pcs/repairing-pcs/bnxchj.html,,
,,,,,,,"Rīga, Pārdaugava",Darbadienas + sest.,https://www.ss.lv/msg/lv/electronics/computers/repairing-pcs/repairing-pcs/bnxmnf.html,,
1000,-,32,Asus dual oc rtx 4060 ti 8gb,Asus Prime B660M-A,4.60,jaun.,,,https://www.ss.lv/msg/lv/electronics/computers/pc/knbnc.html,1 040 €,I5 13400F
512,-,16,Msi ventux 2x rtx 3070 8gb oc,Gigabyte H510M H,4.40,jaun.,,,https://www.ss.lv/msg/lv/electronics/computers/pc/elxkk.html,699 €,I5 11400F
128,-,16,Nvidia geforce gtx2060,Msi b85m-g43,3.00,lietota,,,https://www.ss.lv/msg/lv/electronics/computers/pc/kgijd.html,350 €,I5 4430
1000,-,16,Intel uhd750 4gb ddr5,H110 fsb4800mts,5100,jaun.,,,https://www.ss.lv/msg/lv/electronics/computers/pc/mbpcc.html,779 €,Core i9-12900
1000,-,16,Radeon Rx Vega 8 Core Ddr4,A320 am4 fsb9200mts,4400,jaun.,,,https://www.ss.lv/msg/lv/electronics/computers/pc/mxbfm.html,499 €,Ryzen 7 4700G
360,-,19,Geforce gtx 780,Asrock B85M Pro 4,3.20,lietota,,,https://www.ss.lv/msg/lv/electronics/computers/pc/opfxg.html,330 €,I5-4570
512,-,16,Gtx 1660 super 6gb,Lenovo Legion,4.40,lietota,,,https://www.ss.lv/msg/lv/electronics/computers/pc/ggdhf.html,670 €,Ryzen 5 5600G
3000,-,64,Geforce rtx4090 24gb gddrx,Z790 gaming ddr5 wifi,5400,jaun.,,,https://www.ss.lv/msg/lv/electronics/computers/pc/lpiih.html,3 999 €,Core i7-13700
,,,,,,,"Rīga, Cits",Katru dienu,https://www.ss.lv/msg/lv/electronics/computers/repairing-pcs/repairing-pcs/bmofeo.html,,
500,DVD-RW,6,Nvidia Gt520 1Gig,Lga1155,3.10,lietota,,,https://www.ss.lv/msg/lv/electronics/computers/pc/dldeg.html,90 €,I3
250,DVD-RW,6,Hd graphics 4400 2gb 128-bit,Asus,3.60,lietota,,,https://www.ss.lv/msg/lv/electronics/computers/pc/ibgbj.html,80 €,I3 4160
16,-,16,Yes,Core,3.00,lietota,,,https://www.ss.lv/msg/lv/electronics/computers/pc/fbplg.html,400 €,Quad - Core5
2000,-,16,Geforce rtx3050 8gb gddr6 14000mhz,A620 am5 fsb9200 ddr5,5300,jaun.,,,https://www.ss.lv/msg/lv/electronics/computers/pc/lnjdg.html,969 €,Ryzen 5 7600X
628,-,16,Hd 7660d,Amd,3.80,lietota,,,https://www.ss.lv/msg/lv/electronics/computers/pc/dphfb.html,80 €,A10-5800B
1000,-,32,Intel Uhd770 4Gb Ddr5 5600Mhz,Intel B760 chipset Ddr5 Pce5.0,5800,jaun.,,,https://www.ss.lv/msg/lv/electronics/computers/pc/emxkm.html,1 319 €,Core i9-13900
1000,-,16,Geforce rtx 4060ti 8gb,B450/socket am4/ddr4/usb 3.0,4.60,jaun.,,,https://www.ss.lv/msg/lv/electronics/computers/pc/fexio.html,998 €,Ryzen 5 5600X
1.20,-,24,Nvidia geforce gt 755m,Apple,3.20,lietota,,,https://www.ss.lv/msg/lv/electronics/computers/pc/ghmen.html,495 €,Core i5
1000,-,16,Geforce Gtx1650 4Gb Gddr5 8000Mhz,H410 fsb8000mts usb/sata3,4800,jaun.,,,https://www.ss.lv/msg/lv/electronics/computers/pc/lnkho.html,629 €,Core i7-10700
400,DVD,16,Gtx1050,Dell,3.40,lietota,,,https://www.ss.lv/msg/lv/electronics/computers/pc/gexxm.html,170 €,I5-4670
12,-,4,Nezinu,Asus,2.00,lietota,,,https://www.ss.lv/msg/lv/electronics/computers/pc/gjefe.html,35 €,Nezinu
1000,-,16,Intel uhd730 4gb ddr4,H610 fsb8000mts usb/sata3,4600,jaun.,,,https://www.ss.lv/msg/lv/electronics/computers/pc/lpfxx.html,489 €,Core i5-13400
2000,DVD-RW,12,Intel hd,Asus,3200,lietota,,,https://www.ss.lv/msg/lv/electronics/computers/pc/ecdkh.html,275 €,Core i5
1000,-,16,Geforce gt730 4gb gddr5,H410 fsb8000mts,5200,jaun.,,,https://www.ss.lv/msg/lv/electronics/computers/pc/pnigd.html,639 €,Core i9-11900
250,DVD-RW,4,Radeon hd5570 1gb gddr3,Asrock h61m-s,2.50,lietota,,,https://www.ss.lv/msg/lv/electronics/computers/pc/mbdjc.html,40 €,Intel Celeron
500,-,16,Geforce rtx 3050 8gb,Socket 1700/ddr4/usb 3.2,4.60,jaun.,,,https://www.ss.lv/msg/lv/electronics/computers/pc/ddkhd.html,799 €,I5-13400F
1000,-,16,Geforce gt1030 2gb gddr5,B81 fsb4000mts,3900,jaun.,,,https://www.ss.lv/msg/lv/electronics/computers/pc/gpjkd.html,399 €,Core i7 4771
80,CD-RW,1.50,Geforce 6200,Intel d101ggc,2.66,lietota,,,https://www.ss.lv/msg/lv/electronics/computers/pc/alnnx.html,20 €,Intel Pentium
256,DVD-RW,8,Intel Hd Graphics 530,Fudji,3.20,lietota,,,https://www.ss.lv/msg/lv/electronics/computers/pc/enhhl.html,90 €,I5 7500
3000,-,32,2 x msi gtx 1080ti 11gb,Msi x370 xpower gaming titaniu,3.60,lietota,,,https://www.ss.lv/msg/lv/electronics/computers/pc/kixkx.html,850 €,Ryzen 7 1800X
256,-,8,Intel Hd Graphics 530,Is1Xx1H For Lenovo,2.50,lietota,,,https://www.ss.lv/msg/lv/electronics/computers/pc/ehkoj.html,315 €,I5-6500T
,,,,,,,"Rīga, centrs",Darbadienas,https://www.ss.lv/msg/lv/electronics/computers/repairing-pcs/repairing-pcs/bnxkmk.html,25 €,
1000,-,16,Geforce gtx 1060,Asus prime x310m-k r2.0,4.00,lietota,,,https://www.ss.lv/msg/lv/electronics/computers/pc/kpfoc.html,350 €,I3 9100F
512,-,32,Firepro,Xeon E5,3.70,lietota,,,https://www.ss.lv/msg/lv/electronics/computers/pc/dpxgn.html,800 €,Intel
500,-,16,Geforce rtx 3050 8gb,H510/socket 1200/ddr4/usb 3.0,4.30,jaun.,,,https://www.ss.lv/msg/lv/electronics/computers/pc/glgol.html,699 €,I5-10400F
1000,-,16,Geforce rtx3060 12gb gddr6,Intel H410 8000Mts,4900,jaun.,,,https://www.ss.lv/msg/lv/electronics/computers/pc/bbkkpx.html,879 €,Core i7 11700
1000,-,16,Asus rog strix 1080 8gb,Asus z170 pro gaming,4.20,lietota,,,https://www.ss.lv/msg/lv/electronics/computers/pc/fnmhf.html,890 €,I7 6700k
500,DVD-RW,6,Uhd,Nvidia Gforce Gtx 1060,3.20,lietota,,,https://www.ss.lv/msg/lv/electronics/computers/pc/fbgkx.html,180 €,Intel Core i5
1,-,8,Uhd,Intel Uhd Graphics,2.00,lietota,,,https://www.ss.lv/msg/lv/electronics/computers/pc/cdlfm.html,320 €,Intel Pentium
128,DVD-RW,32,Nvidia nvs 310,Hp z420,2.60,lietota,,,https://www.ss.lv/msg/lv/electronics/computers/pc/mbfce.html,100 €,Xeon E5-2670
,,,,,,,"Rīga, Cits",Darbadienas + sest.,https://www.ss.lv/msg/lv/electronics/computers/repairing-pcs/repairing-pcs/bncxhc.html,,
500,DVD-RW,8,Intel Hd Graphics 4600,Lenovo,2.70,lietota,,,https://www.ss.lv/msg/lv/electronics/computers/pc/eoglb.html,90 €,I5-4439S
1000,-,16,Intel hd530 4gb ddr3,H110 fsb4800mts,4200,jaun.,,,https://www.ss.lv/msg/lv/electronics/computers/pc/kicnc.html,359 €,Core i7 7700
500,-,16,Geforce rtx 4070 12gb,Lga1700/ddr4/usb3.2/sa ta3,5.10,jaun.,,,https://www.ss.lv/msg/lv/electronics/computers/pc/fxfoe.html,1 299 €,I5 13600kf
240,DVD,8,Nvidia geforce 210,Dell 0d6h9t,3.10,lietota,,,https://www.ss.lv/msg/lv/electronics/computers/pc/difcf.html,50 €,I5-2400
1000,-,32,Zotac gaming twin edge oc rtx 4070 12gb,Asus Prime B650-Plus,5.30,jaun.,,,https://www.ss.lv/msg/lv/electronics/computers/pc/fcobi.html,1 420 €,Ryzen 5 7600X
1000,-,16,Radeon Rx Vega 11 Core Ddr4,Amd a320 fsb9200mts,3800,jaun.,,,https://www.ss.lv/msg/lv/electronics/computers/pc/ekopj.html,349 €,Ryzen5 3400G
1000,-,16,Intel uhd630 4gb ddr4 dx12,Intel H310 Fsb8000Mts,4900,jaun.,,,https://www.ss.lv/msg/lv/electronics/computers/pc/mhjld.html,459 €,Core i9-9900
1000,-,16,"Intel uhd750 graphics on 4gb ddr4, dx12",H610 fsb8000mts,5100,jaun.,,,https://www.ss.lv/msg/lv/electronics/computers/pc/engbe.html,739 €,Core i9-12900
240,-,16,Asus Gtx 1070Ti,Gigabyte h310m s2h lga-1151,3.10,lietota,,,https://www.ss.lv/msg/lv/electronics/computers/pc/ejxkk.html,450 €,Intel i5 8600
,,,,,,,"Ogre un raj., Ogre",Katru dienu,https://www.ss.lv/msg/lv/electronics/computers/repairing-pcs/repairing-pcs/bnihhl.html,,
500,-,16,Geforce rtx 4060 8gb,Gigabyte,4.60,jaun.,,,https://www.ss.lv/msg/lv/electronics/computers/pc/dhxnk.html,899 €,I5-13400F
512,-,16,Msi geforce rtx 3060 ti ventus 2x,Gigabyte b760m gaming x ddr4,3.30,jaun.,,,https://www.ss.lv/msg/lv/electronics/computers/pc/fpbpb.html,1 150 €,I3-12100F
500,DVD-RW,8,Geforce gtx 550 ti 2gb,Intel,3.40,lietota,,,https://www.ss.lv/msg/lv/electronics/computers/pc/fjmmb.html,210 €,Intel Core I7
1000,-,16,Geforce Rtx4070 12Gb Gddr6 14.000Mhz,Intel H410 8000Mts,5200,jaun.,,,https://www.ss.lv/msg/lv/electronics/computers/pc/bdxxxk.html,1 259 €,Core i9-11900
480,-,16,Msi ventus gtx 1660 ti 6gb,Gigabyte h510m s2h v2,4.30,lietota,,,https://www.ss.lv/msg/lv/electronics/computers/pc/femdo.html,400 €,I3 - 10100f
512,-,16,"Gigabyte, radeon rx 5500 xt 8gb",Asus b450-plus,4.20,lietota,,,https://www.ss.lv/msg/lv/electronics/computers/pc/gonbd.html,500 €,Ryzen 5 5500
1000,-,16,Gigabyte gaming oc rtx 3060 ti 8gb,Arock X370 Pro4,4.60,lietota,,,https://www.ss.lv/msg/lv/electronics/computers/pc/fddfm.html,750 €,Ryzen 7 5700X
512,-,24,24,10,3.20,jaun.,,,https://www.ss.lv/msg/lv/electronics/computers/pc/fjobb.html,2 500 €,Max
1000,-,16,Geforce rtx3060 12gb ggdr6,H110 fsb8000mts usb/sata3,4200,jaun.,,,https://www.ss.lv/msg/lv/electronics/computers/pc/fopgi.html,649 €,Core i7-7700
256,DVD,8,Intel Hd Graphics 530,Intel,3.20,lietota,,,https://www.ss.lv/msg/lv/electronics/computers/pc/fibcd.html,130 €,I5-6500
320,DVD-RW,8,Geforce gtx 570,Ga-Ep43T-Ud3L,3.00,lietota,,,https://www.ss.lv/msg/lv/electronics/computers/pc/ckpng.html,75 €,Xeon E5450
1000,-,16,Intel uhd770 4gb ddr4 dx12.1,New intel h610 fsb8000mts,5800,jaun.,,,https://www.ss.lv/msg/lv/electronics/computers/pc/goxlp.html,1 129 €,Core i9-13900
1000,-,16,Geforce Rtx 4060 8Gb,Socket am5 / ddr5 / pci-e 5.0,5.30,jaun.,,,https://www.ss.lv/msg/lv/electronics/computers/pc/mojop.html,1 099 €,Ryzen 5 7600X
256,DVD,16,1Gb hdmi/vga/dvi,Dell,3.40,lietota,,,https://www.ss.lv/msg/lv/electronics/computers/pc/ebplj.html,125 €,I7-2600K
256,DVD,8,Hd graphics 4600,Intel,3.40,lietota,,,https://www.ss.lv/msg/lv/electronics/computers/pc/efeni.html,150 €,I7-4770
1000,CD,16,Gtx 970,Msi,3.40,lietota,,,https://www.ss.lv/msg/lv/electronics/computers/pc/lphjf.html,670 €,Intel I76700
1000,-,16,Radeon rx vega 8 core 4gb dddr4 dx11,Amd b450 fsb9200mts,4400,jaun.,,,https://www.ss.lv/msg/lv/electronics/computers/pc/fehlp.html,489 €,Ryzen 5 5650G
3000,-,16,Rtx 2080 super,Gigabyte Technology Co.,3.00,lietota,,,https://www.ss.lv/msg/lv/electronics/computers/pc/lpdfi.html,1 000 €,Intel Core 7
256,DVD,8,Hd graphics 2000,Dell,3.40,lietota,,,https://www.ss.lv/msg/lv/electronics/computers/pc/ecoxh.html,110 €,I7-2600
256,-,8,Intel uhd graphics 600,Неизв.,2.40,lietota,,,https://www.ss.lv/msg/lv/electronics/computers/pc/edjdp.html,175 €,Intel N4100
2000,-,32,Geforce Rtx3060 12Gb Gddr6 12.000Mhz,H410 fsb8000mts usb/sata3,5200,jaun.,,,https://www.ss.lv/msg/lv/electronics/computers/pc/cnlhf.html,1 029 €,Core i9-11900
1000,DVD-RW,8,Nvidia geforce gt 1030,Dell ohy9jp,3.40,lietota,,,https://www.ss.lv/msg/lv/electronics/computers/pc/enkge.html,50 €,Intel i7-2600
240,-,16,1080 Ti,X470-I gaming,3.90,lietota,,,https://www.ss.lv/msg/lv/electronics/computers/pc/dfdde.html,700 €,Ryzen 5 2600
500,-,32,Geforce rtx 4070 ti 12gb,B660,4.60,jaun.,,,https://www.ss.lv/msg/lv/electronics/computers/pc/gmhgg.html,1 699 €,Corei5-13400F
1000,-,16,Intel uhd630 4gb ddr4,Intel H310 Fsb8000Mts,4600,jaun.,,,https://www.ss.lv/msg/lv/electronics/computers/pc/mbcip.html,399 €,Core i7-8700
2048,-,32,Rx6800xt,B450 aorus elite v2,4.50,jaun.,,,https://www.ss.lv/msg/lv/electronics/computers/pc/edebd.html,1 049 €,Ryzen 7 5800x
1024,-,16,Gtx3070 msi gaming x trio,B450 aorus elite v2,4.70,jaun.,,,https://www.ss.lv/msg/lv/electronics/computers/pc/dgfxi.html,799 €,Ryzen 7 5800x
480,-,16,Rx6700xt,B450 aorus elite v2,4.10,jaun.,,,https://www.ss.lv/msg/lv/electronics/computers/pc/ddhnl.html,529 €,Ryzen 5 3500
,,,,,,,"Rīgas rajons, Salaspils",Darbadienas,https://www.ss.lv/msg/lv/electronics/computers/repairing-pcs/repairing-pcs/bndood.html,10 €,
,,,,,,,"Ogre un raj., Ogre",Darbadienas,https://www.ss.lv/msg/lv/electronics/computers/repairing-pcs/repairing-pcs/bncogb.html,10 €,
120,-,8,Intel Hd graphics,Dell oem,3.20,lietota,,,https://www.ss.lv/msg/lv/electronics/computers/pc/pxikj.html,175 €,I5-7500
,,,,,,,"Rīga, Cits",Katru dienu,https://www.ss.lv/msg/lv/electronics/computers/repairing-pcs/repairing-pcs/bnxbjm.html,,
,,,,,,,"Rīga, Ķengarags",Darbadienas + sest.,https://www.ss.lv/msg/lv/electronics/computers/repairing-pcs/repairing-pcs/bmonex.html,,
1000,-,16,Radeon R7 6x Core Ddr4,A320 am4 fsb9200mts,4300,jaun.,,,https://www.ss.lv/msg/lv/electronics/computers/pc/fmbnh.html,339 €,Amd a12-9800
500,-,16,Geforce rtx 4060 8gb,Z790,5.40,jaun.,,,https://www.ss.lv/msg/lv/electronics/computers/pc/dehmn.html,1 399 €,I7-13700Kf
1000,-,32,Asus rog strix rtx4080 16gb gaming oc,Asus rog strix z490-e gaming,3.70,lietota,,,https://www.ss.lv/msg/lv/electronics/computers/pc/feogl.html,3 000 €,10900k
512,-,32,Amd radeon pro 5500 xt 8gb,Apple,3.80,lietota,,,https://www.ss.lv/msg/lv/electronics/computers/pc/acind.html,1 300 €,8-Core i7
256,DVD-RW,8,Radeon R5,Hp,3.10,lietota,,,https://www.ss.lv/msg/lv/electronics/computers/pc/hxhjk.html,75 €,A8 pro-7600
240,DVD,8,Intel hd,Intel,3.90,lietota,,,https://www.ss.lv/msg/lv/electronics/computers/pc/mbcee.html,150 €,Core i7
1256,-,16,Uhd graphics 630,Msi b560m-a pro-e,4.80,lietota,,,https://www.ss.lv/msg/lv/electronics/computers/pc/hpxxb.html,450 €,I7 10700
1600,-,4,Intel hd,Mhz ddr3,2.30,lietota,,,https://www.ss.lv/msg/lv/electronics/computers/pc/gkdje.html,195 €,Intel Core i7
250,DVD-RW,4,Intel hd graphic,Dh61Ww,3.40,lietota,,,https://www.ss.lv/msg/lv/electronics/computers/pc/dfmpk.html,20 €,I3 3240
320,DVD-RW,4,Radeon Rx550 4Gb,Gigabyte ga-eg31mf-s2,2.53,lietota,,,https://www.ss.lv/msg/lv/electronics/computers/pc/fpmfl.html,100 €,Intelcore2Duo
2000,-,16,Geforce rtx3060 12gb gddr6,H310 fsb4800mts,4900,jaun.,,,https://www.ss.lv/msg/lv/electronics/computers/pc/dpijh.html,769 €,Core i9-9900
500,-,16,Geforce Rtx 4070 12Gb,Socket am5 / ddr5 / pci-e 5.0,5.30,jaun.,,,https://www.ss.lv/msg/lv/electronics/computers/pc/eleei.html,1 299 €,Ryzen 5 7600X
500,-,8,Radeon Hd8670D on 4096mb,A55 fsb4000mts,4000,lietota,,,https://www.ss.lv/msg/lv/electronics/computers/pc/dkbme.html,99 €,A10-6790K
1000,-,16,Geforce rtx3050 8gb gddr6 12000mhz,Intel H410 8000Mts,5200,jaun.,,,https://www.ss.lv/msg/lv/electronics/computers/pc/fnhln.html,899 €,Core i9-10900
